Row,NumGoodAlgos
1,6
2,7
3,7
4,5
5,6
6,7
7,4
8,6
9,7
10,6
11,7
12,7
13,7
14,6
15,5
16,7
17,5
18,7
19,6
20,6
21,5
22,6
23,7
24,7
25,6
26,6
27,6
28,7
29,7
30,7
31,5
32,6
33,5
34,6
35,7
36,7
37,7
38,6
39,5
40,7
41,7
42,7
43,6
44,7
45,5
46,7
47,6
48,6
49,7
50,7
51,6
52,7
53,6
54,6
55,7
56,7
57,5
58,7
59,4
60,7
61,7
62,7
63,6
64,3
65,7
66,5
67,6
68,7
69,7
70,5
71,7
72,6
73,6
74,6
75,7
76,7
77,6
78,7
79,7
80,7
81,7
82,6
83,7
84,7
85,7
86,7
87,5
88,5
89,6
90,7
91,2
92,5
93,6
94,7
95,3
96,7
97,7
98,7
99,7
100,7
101,6
102,7
103,7
104,6
105,7
106,7
107,7
108,5
109,7
110,6
111,7
112,6
113,7
114,7
115,5
116,3
117,7
118,7
119,7
120,7
121,7
122,6
123,7
124,6
125,6
126,7
127,7
128,6
129,7
130,6
131,7
132,7
133,5
134,3
135,7
136,5
137,6
138,5
139,7
140,7
141,6
142,4
143,5
144,7
145,6
146,6
147,7
148,4
149,7
150,6
151,5
152,6
153,6
154,5
155,7
156,6
157,7
158,7
159,7
160,6
161,7
162,5
163,7
164,7
165,7
166,7
167,7
168,5
169,6
170,6
171,5
172,7
173,7
174,7
175,6
176,6
177,7
178,7
179,6
180,6
181,6
182,7
183,7
184,6
185,6
186,5
187,5
188,7
189,7
190,6
191,7
192,6
193,3
194,7
195,7
196,6
197,7
198,7
199,7
200,6
201,5
202,7
203,7
204,6
205,6
206,5
207,7
208,6
209,7
210,7
211,7
212,6
213,6
214,3
215,6
216,6
217,6
218,5
219,5
220,7
221,6
222,5
223,6
224,6
225,7
226,6
227,6
228,7
229,6
230,7
231,6
232,4
233,3
234,7
235,6
236,5
237,7
238,7
239,5
240,7
241,6
242,4
243,6
244,6
245,7
246,7
247,7
248,6
249,5
250,6
251,7
252,6
253,5
254,4
255,7
256,4
257,6
258,6
259,5
260,7
261,5
262,6
263,7
264,6
265,4
266,7
267,6
268,7
269,7
270,6
271,6
272,6
273,7
274,6
275,7
276,7
277,6
278,7
279,6
280,7
281,7
282,5
283,7
284,7
285,5
286,7
287,5
288,7
289,7
290,7
291,7
292,6
293,7
294,7
295,7
296,7
297,7
298,4
299,6
300,6
301,7
302,6
303,7
304,7
305,6
306,7
307,5
308,5
309,7
310,7
311,7
312,7
313,7
314,7
315,6
316,5
317,7
318,7
319,4
320,5
321,6
322,6
323,7
324,7
325,7
326,6
327,6
328,4
329,5
330,5
331,7
332,2
333,6
334,5
335,6
336,7
337,7
338,6
339,7
340,7
341,7
342,6
343,7
344,7
345,3
346,5
347,7
348,6
349,6
350,7
351,7
352,7
353,6
354,6
355,7
356,5
357,7
358,5
359,7
360,7
361,7
362,7
363,7
364,6
365,5
366,7
367,5
368,6
369,6
370,5
371,6
372,7
373,7
374,6
375,7
376,6
377,6
378,7
379,7
380,6
381,6
382,7
383,7
384,7
385,5
386,4
387,7
388,7
389,7
390,6
391,7
392,7
393,7
394,5
395,7
396,7
397,5
398,7
399,7
400,7
401,5
402,7
403,7
404,5
405,7
406,4
407,7
408,6
409,6
410,6
411,6
412,4
413,6
414,5
415,7
416,5
417,5
418,7
419,5
420,7
421,7
422,7
423,6
424,5
425,3
426,7
427,7
428,7
429,7
430,7
431,6
432,7
433,7
434,7
435,7
436,6
437,6
438,6
439,7
440,7
441,7
442,7
443,6
444,7
445,6
446,7
447,6
448,5
449,4
450,7
451,7
452,7
453,7
454,5
455,7
456,6
457,6
458,7
459,7
460,6
461,7
462,7
463,6
464,7
465,7
466,7
467,7
468,7
469,7
470,7
471,7
472,7
473,6
474,6
475,7
476,5
477,6
478,7
479,7
480,6
481,7
482,7
483,6
484,5
485,6
486,6
487,7
488,6
489,5
490,7
491,6
492,7
493,5
494,7
495,6
496,4
497,7
498,6
499,6
500,7
501,7
502,7
503,7
504,7
505,7
506,7
507,7
508,7
509,7
510,7
511,7
512,7
513,7
514,7
515,7
516,7
517,7
518,7
519,7
520,7
521,7
522,7
523,7
524,7
525,5
526,7
527,7
528,7
529,7
530,7
531,7
532,7
533,5
534,7
535,7
536,6
537,7
538,7
539,7
540,7
541,7
542,7
543,7
544,7
545,7
546,7
547,7
548,7
549,7
550,2
551,7
552,7
553,7
554,7
555,5
556,7
557,7
558,7
559,7
560,7
561,7
562,7
563,7
564,7
565,6
566,7
567,7
568,3
569,7
570,7
571,7
572,7
573,7
574,7
575,7
576,7
577,7
578,7
579,7
580,7
581,7
582,7
583,7
584,7
585,7
586,7
587,7
588,7
589,7
590,7
591,7
592,7
593,7
594,7
595,7
596,7
597,7
598,7
599,7
600,7
601,7
602,7
603,7
604,7
605,7
606,7
607,7
608,7
609,7
610,7
611,7
612,7
613,7
614,7
615,7
616,7
617,6
618,7
619,7
620,7
621,7
622,7
623,7
624,7
625,7
626,7
627,7
628,7
629,7
630,7
631,7
632,7
633,7
634,7
635,7
636,7
637,7
638,7
639,7
640,7
641,7
642,7
643,7
644,7
645,7
646,7
647,7
648,7
649,7
650,7
651,7
652,7
653,7
654,7
655,7
656,7
657,7
658,7
659,7
660,7
661,7
662,7
663,7
664,7
665,7
666,7
667,7
668,7
669,7
670,7
671,7
672,7
673,6
674,7
675,7
676,7
677,7
678,7
679,7
680,7
681,7
682,7
683,7
684,7
685,7
686,7
687,7
688,7
689,7
690,7
691,7
692,7
693,7
694,7
695,7
696,7
697,7
698,7
699,7
700,7
701,7
702,7
703,7
704,7
705,7
706,7
707,7
708,7
709,7
710,7
711,7
712,7
713,7
714,7
715,7
716,7
717,7
718,7
719,7
720,7
721,7
722,7
723,7
724,7
725,7
726,7
727,7
728,7
729,7
730,7
731,7
732,7
733,7
734,7
735,7
736,7
737,7
738,7
739,7
740,7
741,7
742,7
743,7
744,7
745,7
746,5
747,5
748,5
749,5
750,5
751,5
752,7
753,5
754,5
755,7
756,6
757,7
758,7
759,6
760,6
761,7
762,7
763,6
764,6
765,6
766,7
767,6
768,6
769,6
770,5
771,5
772,7
773,7
774,7
775,7
776,5
777,5
778,6
779,6
780,7
781,5
782,6
783,3
784,6
785,1
786,7
787,2
788,7
789,5
790,5
791,6
792,6
793,7
794,6
795,7
796,5
797,7
798,5
799,5
800,6
801,6
802,7
803,6
804,5
805,5
806,6
807,6
808,5
809,5
810,7
811,7
812,5
813,5
814,3
815,5
816,5
817,6
818,6
819,6
820,5
821,7
822,7
823,7
824,7
825,6
826,7
827,7
828,7
829,7
830,7
831,6
832,6
833,6
834,6
835,6
836,7
837,7
838,6
839,6
840,7
841,7
842,6
843,6
844,5
845,7
846,7
847,7
848,7
849,5
850,6
851,5
852,7
853,7
854,5
855,5
856,5
857,7
858,5
859,5
860,7
861,7
862,5
863,7
864,6
865,5
866,5
867,2
868,7
869,6
870,5
871,7
872,6
873,5
874,7
875,7
876,5
877,6
878,6
879,7
880,6
881,6
882,6
883,5
884,6
885,6
886,6
887,5
888,6
889,7
890,7
891,6
892,7
893,4
894,5
895,5
896,6
897,6
898,7
899,5
900,5
901,6
902,5
903,6
904,6
905,5
906,2
907,5
908,6
909,6
910,6
911,7
912,7
913,6
914,5
915,6
916,7
917,7
918,7
919,7
920,6
921,6
922,6
923,6
924,6
925,7
926,7
927,7
928,6
929,7
930,6
931,7
932,7
933,7
934,6
935,6
936,7
937,7
938,7
939,7
940,5
941,5
942,5
943,6
944,5
945,5
946,6
947,6
948,6
949,7
950,7
951,5
952,4
953,3
954,4
955,6
956,7
957,5
958,7
959,6
960,6
961,6
962,5
963,6
964,6
965,7
966,7
967,5
968,7
969,7
970,7
971,5
972,6
973,6
974,6
975,7
976,7
977,6
978,5
979,5
980,5
981,5
982,5
983,5
984,7
985,5
986,6
987,6
988,7
989,5
990,6
991,6
992,7
993,7
994,7
995,5
996,5
997,7
998,7
999,6
1000,6
1001,7
1002,5
1003,7
1004,7
1005,5
1006,7
1007,5
1008,6
1009,7
1010,5
1011,7
1012,5
1013,7
1014,5
1015,6
1016,5
1017,6
1018,6
1019,5
1020,6
1021,6
1022,7
1023,6
1024,5
1025,5
1026,7
1027,7
1028,7
1029,7
1030,7
1031,6
1032,7
1033,7
1034,6
1035,5
1036,6
1037,7
1038,5
1039,7
1040,5
1041,5
1042,5
1043,6
1044,7
1045,7
1046,6
1047,7
1048,6
1049,5
1050,5
1051,5
1052,5
1053,5
1054,6
1055,5
1056,5
1057,5
1058,7
1059,6
1060,7
1061,7
1062,6
1063,7
1064,6
1065,5
1066,5
1067,5
1068,6
1069,5
1070,6
1071,6
1072,7
1073,6
1074,5
1075,5
1076,7
1077,6
1078,6
1079,6
1080,6
1081,7
1082,6
1083,7
1084,5
1085,5
1086,7
1087,5
1088,7
1089,5
1090,5
1091,5
1092,7
1093,5
1094,6
1095,6
1096,5
1097,7
1098,7
1099,6
1100,7
1101,6
1102,3
1103,6
1104,5
1105,7
1106,5
1107,5
1108,7
1109,6
1110,6
1111,7
1112,7
1113,7
1114,6
1115,5
1116,7
1117,6
1118,6
1119,7
1120,6
1121,7
1122,6
1123,5
1124,6
1125,5
1126,5
1127,5
1128,5
1129,5
1130,5
1131,7
1132,6
1133,6
1134,5
1135,6
1136,7
1137,7
1138,7
1139,7
1140,5
1141,5
1142,7
1143,5
1144,5
1145,6
1146,7
1147,5
1148,7
1149,7
1150,5
1151,6
1152,5
1153,6
1154,6
1155,5
1156,7
1157,5
1158,7
1159,5
1160,6
1161,6
1162,5
1163,7
1164,5
1165,6
1166,6
1167,6
1168,7
1169,5
1170,5
1171,7
1172,7
1173,7
1174,7
1175,7
1176,6
1177,7
1178,7
1179,6
1180,5
1181,6
1182,7
1183,5
1184,7
1185,7
1186,5
1187,5
1188,5
1189,7
1190,5
1191,6
1192,7
1193,5
1194,6
1195,5
1196,6
1197,5
1198,5
1199,7
1200,5
1201,7
1202,5
1203,6
1204,6
1205,7
1206,7
1207,6
1208,5
1209,5
1210,7
1211,7
1212,7
1213,7
1214,7
1215,7
1216,7
1217,7
1218,7
1219,6
1220,7
1221,7
1222,7
1223,6
1224,7
1225,7
1226,7
1227,7
1228,5
1229,7
1230,7
1231,7
1232,7
1233,7
1234,7
1235,7
1236,7
1237,7
1238,7
1239,7
1240,7
1241,3
1242,7
1243,7
1244,7
1245,7
1246,7
1247,7
1248,7
1249,7
1250,7
1251,6
1252,7
1253,7
1254,7
1255,7
1256,7
1257,7
1258,7
1259,7
1260,6
1261,7
1262,7
1263,7
1264,7
1265,7
1266,7
1267,6
1268,6
1269,7
1270,7
1271,7
1272,7
1273,7
1274,7
1275,7
1276,7
1277,7
1278,6
1279,7
1280,7
1281,7
1282,7
1283,7
1284,7
1285,7
1286,7
1287,5
1288,6
1289,7
1290,7
1291,7
1292,7
1293,7
1294,7
1295,7
1296,7
1297,7
1298,7
1299,7
1300,7
1301,7
1302,6
1303,7
1304,7
1305,7
1306,7
1307,7
1308,7
1309,7
1310,6
1311,6
1312,7
1313,7
1314,7
1315,7
1316,7
1317,7
1318,7
1319,7
1320,7
1321,7
1322,7
1323,6
1324,6
1325,7
1326,7
1327,7
1328,7
1329,7
1330,7
1331,7
1332,7
1333,7
1334,7
1335,7
1336,7
1337,7
1338,7
1339,6
1340,7
1341,7
1342,7
1343,7
1344,7
1345,7
1346,6
1347,6
1348,7
1349,7
1350,7
1351,7
1352,7
1353,7
1354,7
1355,7
1356,7
1357,7
1358,7
1359,7
1360,7
1361,7
1362,6
1363,6
1364,7
1365,7
1366,7
1367,7
1368,7
1369,7
1370,7
1371,6
1372,7
1373,7
1374,7
1375,7
1376,7
1377,7
1378,7
1379,7
1380,6
1381,6
1382,7
1383,7
1384,7
1385,7
1386,7
1387,7
1388,7
1389,7
1390,6
1391,6
1392,6
1393,6
1394,7
1395,7
1396,7
1397,7
1398,7
1399,7
1400,7
1401,7
1402,7
1403,7
1404,7
1405,7
1406,7
1407,7
1408,7
1409,7
1410,6
1411,7
1412,7
1413,7
1414,7
1415,7
1416,7
1417,7
1418,7
1419,7
1420,7
1421,7
1422,7
1423,7
1424,6
1425,6
1426,7
1427,7
1428,7
1429,7
1430,7
1431,7
1432,7
1433,7
1434,7
1435,7
1436,4
1437,6
1438,7
1439,7
1440,7
1441,7
1442,7
1443,7
1444,7
1445,7
1446,7
1447,7
1448,7
1449,7
1450,7
1451,7
1452,7
1453,7
1454,7
1455,7
1456,6
1457,6
1458,6
1459,6
1460,7
1461,7
1462,7
1463,7
1464,7
1465,7
1466,7
1467,7
1468,7
1469,7
1470,7
1471,7
1472,6
1473,7
1474,7
1475,7
1476,7
1477,7
1478,7
1479,7
1480,7
1481,7
1482,7
1483,7
1484,7
1485,7
1486,7
1487,7
1488,6
1489,7
1490,7
1491,6
1492,7
1493,7
1494,7
1495,7
1496,7
1497,7
1498,6
1499,7
1500,7
1501,7
1502,7
1503,7
1504,6
1505,7
1506,7
1507,7
1508,7
1509,7
1510,7
1511,7
1512,7
1513,7
1514,7
1515,7
1516,7
1517,7
1518,7
1519,7
1520,7
1521,7
1522,7
1523,7
1524,7
1525,7
1526,6
1527,7
1528,7
1529,7
1530,7
1531,7
1532,7
1533,7
1534,6
1535,7
1536,7
1537,7
1538,7
1539,7
1540,7
1541,7
1542,7
1543,7
1544,7
1545,7
1546,7
1547,7
1548,6
1549,6
1550,7
1551,7
1552,7
1553,7
1554,7
1555,7
1556,7
1557,7
1558,7
1559,7
1560,7
1561,7
1562,7
1563,7
1564,7
1565,7
1566,7
1567,7
1568,7
1569,7
1570,7
1571,7
1572,7
1573,7
1574,7
1575,7
1576,7
1577,7
1578,7
1579,7
1580,7
1581,7
1582,6
1583,7
1584,6
1585,7
1586,7
1587,7
1588,7
1589,7
1590,7
1591,7
1592,7
1593,7
1594,7
1595,7
1596,7
1597,6
1598,7
1599,7
1600,7
1601,7
1602,7
1603,7
1604,7
1605,7
1606,7
1607,7
1608,7
1609,6
1610,7
1611,7
1612,7
1613,7
1614,6
1615,6
1616,7
1617,7
1618,7
1619,7
1620,7
1621,7
1622,7
1623,7
1624,7
1625,7
1626,7
1627,7
1628,7
1629,7
1630,7
1631,7
1632,7
1633,7
1634,7
1635,7
1636,7
1637,7
1638,7
1639,6
1640,7
1641,7
1642,7
1643,7
1644,7
1645,7
1646,7
1647,7
1648,7
1649,6
1650,7
1651,7
1652,7
1653,7
1654,7
1655,7
1656,7
1657,7
1658,7
1659,7
1660,7
1661,7
1662,7
1663,7
1664,7
1665,7
1666,7
1667,7
1668,7
1669,7
1670,7
1671,7
1672,7
1673,7
1674,7
1675,7
1676,7
1677,7
1678,7
1679,7
1680,7
1681,6
1682,7
1683,7
1684,7
1685,7
1686,7
1687,7
1688,7
1689,7
1690,7
1691,7
1692,7
1693,7
1694,6
1695,6
1696,7
1697,7
1698,7
1699,7
1700,7
1701,7
1702,7
1703,7
1704,7
1705,7
1706,7
1707,7
1708,7
1709,7
1710,7
1711,7
1712,7
1713,7
1714,7
1715,7
1716,7
1717,7
1718,7
1719,7
1720,7
1721,7
1722,7
1723,7
1724,7
1725,7
1726,7
1727,7
1728,7
1729,7
1730,7
1731,7
1732,7
1733,7
1734,7
1735,7
1736,7
1737,7
1738,7
1739,7
1740,7
1741,7
1742,7
1743,7
1744,7
1745,7
1746,7
1747,7
1748,7
1749,7
1750,7
1751,7
1752,7
1753,7
1754,7
1755,7
1756,7
1757,7
1758,7
1759,7
1760,6
1761,6
1762,7
1763,7
1764,7
1765,7
1766,7
1767,7
1768,7
1769,7
1770,7
1771,7
1772,7
1773,7
1774,7
1775,7
1776,7
1777,7
1778,7
1779,7
1780,7
1781,7
1782,7
1783,7
1784,7
1785,7
1786,7
1787,7
1788,7
1789,7
1790,7
1791,7
1792,7
1793,7
1794,7
1795,7
1796,7
1797,7
1798,7
1799,7
1800,7
1801,7
1802,7
1803,7
1804,7
1805,7
1806,7
1807,7
1808,7
1809,7
1810,7
1811,7
1812,7
1813,7
1814,7
1815,7
1816,7
1817,7
1818,7
1819,7
1820,7
1821,7
1822,7
1823,7
1824,7
1825,7
1826,7
1827,7
1828,7
1829,7
1830,7
1831,7
1832,7
1833,7
1834,7
1835,7
1836,7
1837,7
1838,7
1839,7
1840,7
1841,7
1842,7
1843,7
1844,7
1845,7
1846,7
1847,7
1848,7
1849,7
1850,7
1851,7
1852,7
1853,7
1854,7
1855,7
1856,7
1857,7
1858,7
1859,7
1860,7
1861,7
1862,7
1863,7
1864,7
1865,7
1866,7
1867,7
1868,7
1869,7
1870,7
1871,7
1872,7
1873,7
1874,7
1875,7
1876,7
1877,7
1878,7
1879,7
1880,7
1881,7
1882,7
1883,7
1884,7
1885,7
1886,7
1887,7
1888,7
1889,7
1890,7
1891,7
1892,7
1893,7
1894,7
1895,7
1896,7
1897,7
1898,7
1899,7
1900,7
1901,7
1902,7
1903,7
1904,7
1905,7
1906,7
1907,7
1908,7
1909,7
1910,7
1911,7
1912,7
1913,7
1914,7
1915,7
1916,7
1917,7
1918,7
1919,7
1920,7
1921,7
1922,7
1923,7
1924,7
1925,7
1926,7
1927,7
1928,7
1929,7
1930,7
1931,7
1932,7
1933,7
1934,7
1935,7
1936,7
1937,7
1938,7
1939,7
1940,7
1941,7
1942,7
1943,7
1944,7
1945,7
1946,7
1947,7
1948,7
1949,7
1950,7
1951,7
1952,7
1953,7
1954,7
1955,7
1956,7
1957,7
1958,7
1959,7
1960,7
1961,7
1962,7
1963,7
1964,7
1965,7
1966,7
1967,7
1968,7
1969,7
1970,7
1971,7
1972,7
1973,7
1974,7
1975,7
1976,7
1977,7
1978,7
1979,7
1980,7
1981,7
1982,7
1983,7
1984,7
1985,7
1986,7
1987,7
1988,7
1989,7
1990,7
1991,7
1992,7
1993,7
1994,7
1995,7
1996,7
1997,7
1998,7
1999,7
2000,7
2001,7
2002,7
2003,7
2004,7
2005,7
2006,7
2007,7
2008,7
2009,7
2010,7
2011,7
2012,7
2013,7
2014,7
2015,7
2016,7
2017,7
2018,7
2019,7
2020,7
2021,7
2022,7
2023,7
2024,7
2025,7
2026,7
2027,7
2028,7
2029,7
2030,7
2031,7
2032,7
2033,7
2034,7
2035,7
2036,7
2037,7
2038,7
2039,7
2040,7
2041,7
2042,7
2043,7
2044,7
2045,7
2046,7
2047,7
2048,7
2049,7
2050,7
2051,7
2052,7
2053,7
2054,7
2055,7
2056,7
2057,7
2058,7
2059,7
2060,7
2061,7
2062,7
2063,7
2064,7
2065,7
2066,7
2067,7
2068,7
2069,7
2070,7
2071,7
2072,7
2073,7
2074,7
2075,7
2076,7
2077,7
2078,7
2079,7
2080,7
2081,7
2082,7
2083,7
2084,7
2085,7
2086,7
2087,7
2088,7
2089,7
2090,7
2091,7
2092,7
2093,7
2094,7
2095,7
2096,7
2097,7
2098,7
2099,7
2100,7
2101,7
2102,7
2103,7
2104,7
2105,7
2106,7
2107,7
2108,7
2109,7
2110,7
2111,7
