instances,instance_hardness
1,0.3081886650516742
2,0.1521933143362748
3,0.156336546553137
4,0.21152968352414936
5,0.18853010620048716
6,0.1441168656090528
7,0.4534229248201407
8,0.13973316877135356
9,0.1398550350017559
10,0.18341001506630727
11,0.17759147281997922
12,0.17209499017125462
13,0.11649564331416185
14,0.19666842662667305
15,0.21287074052875588
16,0.13365669306246264
17,0.20009269547734876
18,0.15419413392306258
19,0.1994858936504602
20,0.16054093791259072
21,0.19933203859856774
22,0.34714794456167997
23,0.15251216301427828
24,0.15893442552110748
25,0.18391456935672545
26,0.21443428662893615
27,0.17501415157015054
28,0.12176751343793202
29,0.15923180120062708
30,0.18740180699232123
31,0.21316286243451177
32,0.16560316317845403
33,0.43470012568405914
34,0.18170976638786285
35,0.11982253037014878
36,0.16854106972321803
37,0.11746271580626133
38,0.18020502225857526
39,0.38573842640048017
40,0.20984532707090287
41,0.17417063991764814
42,0.09213049916533067
43,0.18999966538385527
44,0.16358185261127844
45,0.41977793109637906
46,0.18349364381722733
47,0.16600230221139034
48,0.18331122985106274
49,0.12058112248904496
50,0.13399934937657076
51,0.1851874500332521
52,0.12453408148239287
53,0.18543897494331452
54,0.2682189655526511
55,0.08821080731451181
56,0.10773507602999632
57,0.32121850024913434
58,0.15581751200784377
59,0.49342776810479017
60,0.12804577447990473
61,0.16444951384845807
62,0.11702246160289631
63,0.15949837212144358
64,0.46211208426422157
65,0.1471654756235159
66,0.19154083327289406
67,0.18713078705911457
68,0.15028271978997876
69,0.12892396809011097
70,0.21684241442876995
71,0.16940053523398535
72,0.2642788764286308
73,0.16901597483064812
74,0.20284811589942853
75,0.1663784671154489
76,0.13352489021103198
77,0.28151544347138013
78,0.16773589585106086
79,0.15652985761324834
80,0.15068177880177602
81,0.09188981936851859
82,0.19147157797737724
83,0.15050319808049228
84,0.12247355340913435
85,0.18467568845605198
86,0.15572791973234745
87,0.3470920979429968
88,0.20568969556732486
89,0.1758649801983314
90,0.16144600692289524
91,0.6969784173384876
92,0.309874581285845
93,0.165850993118967
94,0.10584221323590026
95,0.5094398733376688
96,0.1628407452620413
97,0.12933862725183398
98,0.1460077091984906
99,0.165198568328082
100,0.11667020383634863
101,0.26663049757549795
102,0.14968748874449644
103,0.12779555613104676
104,0.2749470895549184
105,0.1686043269776305
106,0.15165582447967985
107,0.14289834019699554
108,0.20500417576828356
109,0.17156301861405177
110,0.17692401856904583
111,0.1807071562416599
112,0.1931604712911258
113,0.12489577320448297
114,0.14079118601124352
115,0.32447514661334964
116,0.5080972449273505
117,0.16967697401357007
118,0.17167670628250842
119,0.1640961793775425
120,0.15143663166705734
121,0.16969219004627545
122,0.17272762875586234
123,0.1373441714735255
124,0.20532038978772038
125,0.21704400196054174
126,0.17558448541200622
127,0.14707630094144353
128,0.16992968213456805
129,0.15106790984856855
130,0.18743685498761697
131,0.15352905725272503
132,0.09766879663812211
133,0.3047225352418378
134,0.5682723998346446
135,0.13758585911107224
136,0.19564206756343738
137,0.16628991800082693
138,0.4448533597247334
139,0.16046438821964915
140,0.14996135663064025
141,0.24851990547908165
142,0.33334916212464527
143,0.35492744307781343
144,0.18123229389860884
145,0.17115641551220817
146,0.1737211919145769
147,0.114318605211579
148,0.49815543879737023
149,0.14796203630288018
150,0.1902563990457249
151,0.3733627287499519
152,0.1803360331140771
153,0.16143783272077206
154,0.32499723871187136
155,0.15933512589198784
156,0.19049605016772186
157,0.25224948713454665
158,0.15613004261526575
159,0.13409269757773135
160,0.17746039394502378
161,0.11498521558946195
162,0.20989987771756768
163,0.14637170431717694
164,0.0957272957976929
165,0.1483113863471619
166,0.1524710613934629
167,0.14525585103032823
168,0.1947289474659274
169,0.16417976018946734
170,0.18466974324849816
171,0.19197109016292424
172,0.15957402147831234
173,0.13383297369845404
174,0.1070546044904589
175,0.18398273720949887
176,0.1877166217559515
177,0.16523335920712268
178,0.17762376237025035
179,0.17736721690274304
180,0.18836406789576243
181,0.15606388798571014
182,0.15247184552323412
183,0.12101664398611423
184,0.1710344680083271
185,0.18836406789576243
186,0.20915361018378575
187,0.27157497823722676
188,0.16654843776014194
189,0.16840457620064275
190,0.19385453357164395
191,0.119866238771977
192,0.18019136085343446
193,0.46281908628516966
194,0.14916554746426025
195,0.16963952687234485
196,0.18866083091563657
197,0.16726712133598776
198,0.11183005378055277
199,0.16074719258905812
200,0.1692057651846185
201,0.3763698007689953
202,0.15254964379330516
203,0.14813456624252852
204,0.19335041889905913
205,0.15851866742237475
206,0.34276819297607164
207,0.129376227722512
208,0.1698264887007076
209,0.17196236866997994
210,0.16719795652606906
211,0.11190574268493392
212,0.1768433221383442
213,0.16832551749557279
214,0.4832053548945966
215,0.17803395993475335
216,0.23170970345333308
217,0.3059717016798147
218,0.32743632910973863
219,0.22215685926585993
220,0.15649468993368232
221,0.30243276766908556
222,0.19527161515057334
223,0.19857542446276477
224,0.19083337470495498
225,0.15793434437467357
226,0.17662276446768188
227,0.14288585375458818
228,0.1445236936534673
229,0.19034306184516647
230,0.1487485223590015
231,0.18303251452491476
232,0.40593705374404854
233,0.6308994275750817
234,0.13337597173580085
235,0.19914759673737137
236,0.4378747373636078
237,0.1244224773909024
238,0.1557103850365269
239,0.3071744446817275
240,0.15961702420286028
241,0.22989541292752413
242,0.355517794798792
243,0.2160519337187209
244,0.18766305268120198
245,0.14390277910823668
246,0.12848350989963886
247,0.17321846781725792
248,0.2475267579617736
249,0.32250721083787304
250,0.18240061971313248
251,0.17146347349456537
252,0.15742600236729032
253,0.30731133889695483
254,0.3744156361087566
255,0.1426745704375464
256,0.3478779447773057
257,0.17380564408208599
258,0.19755573759327705
259,0.2126705045964612
260,0.16697660293419503
261,0.22821941954032954
262,0.1716694278429659
263,0.12633292597367463
264,0.31756558049165573
265,0.358264182910803
266,0.1745296588209242
267,0.2561648289951517
268,0.16874165181594591
269,0.10861820758277663
270,0.17466028451556825
271,0.18950625470531723
272,0.2535591966395011
273,0.13650056924623732
274,0.1879684434654808
275,0.1184149263534423
276,0.1668337855379486
277,0.303348175018304
278,0.12235489688813939
279,0.18780903227190127
280,0.14459385179736173
281,0.09484115751820066
282,0.20679722168036907
283,0.1436814520677988
284,0.11608018488297533
285,0.31493081307689497
286,0.14318609240697866
287,0.39906195447614967
288,0.16186548473555173
289,0.09757503638217746
290,0.12103628212164297
291,0.1380977796130738
292,0.27356791120220336
293,0.15636922104971396
294,0.1381926612736768
295,0.15650502750998496
296,0.12320230696699175
297,0.11575662830546474
298,0.35399176450838676
299,0.41221320002340345
300,0.16561468653896527
301,0.14829825320580614
302,0.26580238846827753
303,0.14152939327202962
304,0.14439926176502793
305,0.17983501066255259
306,0.15418457672797137
307,0.455608612860153
308,0.23191261483437908
309,0.10418641986820343
310,0.12320230696699175
311,0.13305700993344893
312,0.12010607724368538
313,0.09595360483648085
314,0.17218267202345017
315,0.24410078254915946
316,0.5673526874759519
317,0.17289829326931594
318,0.1209371276995368
319,0.4966835527700788
320,0.20348383612984078
321,0.20393654537002104
322,0.1796435972806355
323,0.12836749334366737
324,0.1401449850426525
325,0.17043152814956808
326,0.27336628361228643
327,0.17827195175106048
328,0.3324324503606789
329,0.3252601897392313
330,0.4587321248928604
331,0.13655741292950108
332,0.6950647524419049
333,0.1873855582311439
334,0.3007668173725546
335,0.17713459719358116
336,0.16319772013743084
337,0.14808197718420701
338,0.2733189377451959
339,0.18255156140328888
340,0.15642668327377818
341,0.11700790887119195
342,0.13736911989833733
343,0.15206259416848555
344,0.11159775795061255
345,0.7455962717011625
346,0.23695314413467095
347,0.14260533064956016
348,0.5287547620321584
349,0.18429846171976316
350,0.15713351772976192
351,0.13458047999097844
352,0.11023251208113294
353,0.24784889499204787
354,0.19979785069830835
355,0.14386836711068196
356,0.1885304644510598
357,0.1382286516588418
358,0.2103353031866284
359,0.15502585323884666
360,0.18019403442547022
361,0.10715482724845471
362,0.13787408175123916
363,0.17069439508209394
364,0.32289520671947125
365,0.32405230473079627
366,0.1456573883962452
367,0.1915827402308512
368,0.17348256621064795
369,0.18447967104120033
370,0.21803441381394784
371,0.18496781370065984
372,0.1658509337695191
373,0.11247391200547041
374,0.3085309129118855
375,0.1555942189021695
376,0.18152358837042915
377,0.31652569647542095
378,0.10114255638115344
379,0.11257017864028818
380,0.21385372134141323
381,0.21046584251816525
382,0.14459091862657858
383,0.15133966916766695
384,0.1887627269652017
385,0.33412587884444533
386,0.357912815794596
387,0.1508163634849936
388,0.15693148654052846
389,0.15619637248162188
390,0.19010487758731975
391,0.1478721406557295
392,0.12859191391564395
393,0.09876927549793779
394,0.20359057556377502
395,0.1497933371114668
396,0.15300449224610146
397,0.3360834489483179
398,0.12706785710827773
399,0.115796831717489
400,0.11435765252918595
401,0.20204483990466904
402,0.1447017422711181
403,0.18320722376127507
404,0.4279013993065156
405,0.15566357806858466
406,0.3607309113856104
407,0.1251826039688655
408,0.19569010502686823
409,0.1823121501456927
410,0.2141780955739322
411,0.13941214074686648
412,0.36044045399866176
413,0.33854504706594
414,0.19196992376497557
415,0.1543744814995489
416,0.32568262912586476
417,0.2215709445253573
418,0.17080108702582442
419,0.3790369860304442
420,0.1336706347277663
421,0.11913404100382796
422,0.12101393432632612
423,0.17629032596563365
424,0.19439357759390163
425,0.48370011712422534
426,0.1497475598331457
427,0.13523816468444838
428,0.09819761765505919
429,0.14580817739884555
430,0.14925331927970298
431,0.20554715851081162
432,0.11157868917151204
433,0.08642642405564827
434,0.1434543728506914
435,0.11568297361675062
436,0.1620852189301124
437,0.24872482900039106
438,0.1746655336296069
439,0.11717936206931756
440,0.15303575604301556
441,0.1201247814995583
442,0.12948961324426156
443,0.16994098814717107
444,0.12799043691380385
445,0.1642759175764048
446,0.11811328994119463
447,0.2959778440032549
448,0.20286926807331507
449,0.4951602633280272
450,0.16684955480453179
451,0.1269855042350837
452,0.1459628751527935
453,0.10752576587475082
454,0.32906532040774816
455,0.14082654959912722
456,0.15093842045263528
457,0.20096117299113947
458,0.1153591138045712
459,0.10996570328312227
460,0.17117321122701545
461,0.1436858874131527
462,0.12055510348640341
463,0.1857895152166642
464,0.1295346954580826
465,0.08735088701323201
466,0.1474364958129577
467,0.1686790129310326
468,0.1784116030933971
469,0.11781752334330509
470,0.11456973828312278
471,0.10365744849426817
472,0.16646578467860917
473,0.2679560466598133
474,0.17500248385513617
475,0.1298811816803962
476,0.3302085216693774
477,0.3151926695380981
478,0.11729089856666963
479,0.11955039076984131
480,0.1675646874533836
481,0.11944711051339696
482,0.12188255786037272
483,0.17971960959779165
484,0.21120577761880566
485,0.1860754555684816
486,0.17263688918674425
487,0.1497258846882259
488,0.3145642185194878
489,0.32048244584337293
490,0.15925252075285057
491,0.207726931833772
492,0.2051294490676523
493,0.19747220496328344
494,0.11481676792246065
495,0.26335589680034543
496,0.34750617142214335
497,0.1434311856420648
498,0.21092293269505036
499,0.24355753757016252
500,0.11564048601626131
501,0.12496087320935334
502,0.11774292835641709
503,0.14071728854352195
504,0.1027383187375529
505,0.10566810828124251
506,0.10751397370599991
507,0.10905149871022357
508,0.1285143130432822
509,0.1275907677238417
510,0.12754354845725102
511,0.10456388548759343
512,0.10368874764335367
513,0.1187793302294099
514,0.13396538720075435
515,0.12449209871950662
516,0.12739136885900015
517,0.1432312671895074
518,0.13761388028366395
519,0.14069375819467966
520,0.1183244791762963
521,0.10990085562540752
522,0.11105777904670089
523,0.13267031395542528
524,0.1298316436697633
525,0.41790999120044203
526,0.12475698885428843
527,0.12353186344699241
528,0.146089513171909
529,0.13007124222425492
530,0.12686884637610496
531,0.14954258608143234
532,0.14769083812080963
533,0.36389384778011025
534,0.1250102349038439
535,0.11654174128130668
536,0.25090371501112574
537,0.11969327081075809
538,0.1307649132608244
539,0.13661021270306795
540,0.12152828310474417
541,0.1377503304001929
542,0.13758306711466828
543,0.13520178439116903
544,0.1206097269981421
545,0.116666496902748
546,0.12322567315985178
547,0.14673648043393128
548,0.14395716011480642
549,0.1375662948554186
550,0.7627771503648686
551,0.1140729044642701
552,0.10796987090584231
553,0.1349048767149743
554,0.13339609991834522
555,0.30644509064254644
556,0.13313819857025655
557,0.13810491020597693
558,0.11956244647825898
559,0.11808137090055304
560,0.18540390243422067
561,0.13083147361611736
562,0.11634844511244569
563,0.1113471636179082
564,0.12186805757055896
565,0.377234896480941
566,0.12641417673693445
567,0.1342179020325467
568,0.6994110806287253
569,0.10038740184365103
570,0.1088816732371708
571,0.12539869793178182
572,0.12753306613943205
573,0.11938123211211671
574,0.13141566676463234
575,0.13089148797357297
576,0.14297115066556776
577,0.1377151666493175
578,0.141809246148751
579,0.13825528810799104
580,0.14210052512133564
581,0.1423082659100361
582,0.12259664540795234
583,0.11447094508805356
584,0.10056843542726357
585,0.11898862117684039
586,0.12609830267092992
587,0.1337371008577577
588,0.12232708883829602
589,0.14179390363986122
590,0.12994995654656694
591,0.11779409324594592
592,0.12678467693812345
593,0.1229843486752289
594,0.12102731392533106
595,0.11653543269852029
596,0.12202806575679392
597,0.12717792636613778
598,0.1460553996682149
599,0.12828819380836076
600,0.1419817290479617
601,0.14265859982600437
602,0.13590763705084874
603,0.1357576496874654
604,0.14441943487106956
605,0.1310899719766001
606,0.1199924012457021
607,0.15146057058674178
608,0.14258616190311957
609,0.13605746329798607
610,0.13142651107519565
611,0.10240296380856839
612,0.12375777903031737
613,0.13780126930849768
614,0.1224509135101508
615,0.1305060095856705
616,0.1255390542779553
617,0.2552877029835594
618,0.11797594496879504
619,0.10316072136027388
620,0.12464431203338866
621,0.13968278331017547
622,0.12082181811397352
623,0.14377314905602034
624,0.11473294738038808
625,0.13206388159961113
626,0.13277154579912387
627,0.1270734157891591
628,0.12367043304461978
629,0.12291912247858305
630,0.11783309758638205
631,0.12068439230674399
632,0.139298783922007
633,0.13545330518184995
634,0.12557585222730805
635,0.11354877439020672
636,0.11646108071343386
637,0.12745329069709432
638,0.1166275370779335
639,0.11751287464032711
640,0.20276256303035933
641,0.13246320128882016
642,0.11693458295779369
643,0.1266269258869731
644,0.11908705069710146
645,0.12732766592308786
646,0.1047769170864149
647,0.10554356434607493
648,0.10424582686504724
649,0.10892196123004894
650,0.12672175679836228
651,0.12900217785542245
652,0.12513901417517892
653,0.13824556657308207
654,0.13087753337267483
655,0.13291196510663106
656,0.11542260932011972
657,0.11137835028976673
658,0.11182923801815237
659,0.11767072879399465
660,0.12951723353177202
661,0.13028117280072882
662,0.1268164089744468
663,0.14417401356463866
664,0.1298316436697633
665,0.09940090743046837
666,0.10708221374155924
667,0.14944647654798782
668,0.12276778723597159
669,0.11827478673501146
670,0.13690929218084624
671,0.1256777519369795
672,0.11148632278308823
673,0.2240012439005874
674,0.12217521659798869
675,0.1256477929533817
676,0.15373104626845702
677,0.12638502559287623
678,0.13905502950893656
679,0.13123518825267677
680,0.10803961148169972
681,0.12845230572052413
682,0.10567852871506456
683,0.13411267030248752
684,0.14171900169887375
685,0.11613213589676352
686,0.12091549880828967
687,0.11466770152281192
688,0.1044183007949705
689,0.13017171230098068
690,0.12192660450699733
691,0.13092548880636357
692,0.13256272877508257
693,0.12692323191043775
694,0.13534546093563848
695,0.11997028520817321
696,0.12316572605235732
697,0.13992225425999494
698,0.10380054127727845
699,0.12165010975153279
700,0.12376337659920511
701,0.11962340958191564
702,0.12600353177332024
703,0.13065705352838775
704,0.11006749682533157
705,0.12476413744034132
706,0.11242945373591517
707,0.11461620934569694
708,0.13317935888434496
709,0.13795846321737615
710,0.13163594807774381
711,0.14752265798310504
712,0.14764877275253274
713,0.14309883636011167
714,0.12894201965709406
715,0.11165293222704076
716,0.13200470628002758
717,0.12070759014612387
718,0.11965543879928275
719,0.11587602521420648
720,0.09802496164663843
721,0.1126431409473384
722,0.13100550672613487
723,0.1323677375474771
724,0.13614004610999364
725,0.1304469224538718
726,0.1477222828351462
727,0.11670591517240747
728,0.12665243835822781
729,0.11977799443601478
730,0.12037061814143568
731,0.11804004181961103
732,0.12820778599633798
733,0.1273914461390454
734,0.141277104812345
735,0.13883769613163688
736,0.14110746120402318
737,0.13110542547973947
738,0.12888415967967215
739,0.1259360376659493
740,0.1439055607954508
741,0.12196806257972481
742,0.14286756909275922
743,0.15057356887152273
744,0.1331904894260305
745,0.14297962497457617
746,0.20470221060206684
747,0.19897441295940455
748,0.2102889124597671
749,0.19920207537598744
750,0.20722648388262432
751,0.20836316996402582
752,0.17814523200922017
753,0.20221840192984009
754,0.19618241902263278
755,0.16347423916123704
756,0.18589773497055584
757,0.14819357758308704
758,0.17225917649578215
759,0.18909676112167761
760,0.16089453204282267
761,0.14057252578543644
762,0.1502658712312559
763,0.1860824495584129
764,0.1747014070535815
765,0.18836406789576243
766,0.15762739063309428
767,0.18075037992218168
768,0.18920434530299768
769,0.18608606325185173
770,0.19036602171568284
771,0.18756224648748532
772,0.15673948947135252
773,0.17928396559944892
774,0.1588900942609367
775,0.1720727586780061
776,0.21927884539290565
777,0.2029177053316079
778,0.17576780570988215
779,0.18342340670472856
780,0.17399714232932484
781,0.1913467487617284
782,0.19999919621607387
783,0.633798176022726
784,0.19776548001245897
785,0.8467412843399295
786,0.15269940144686955
787,0.5800951294438115
788,0.15542567333158686
789,0.201690244625779
790,0.31580274002296593
791,0.17186234327001138
792,0.18074617269196191
793,0.16794219679926192
794,0.21323972337112385
795,0.14993530155274648
796,0.2159306321679587
797,0.16725763756880907
798,0.20346824808036246
799,0.19808992409880988
800,0.12767487245951292
801,0.18718258605521843
802,0.15283128036152993
803,0.3161559218969392
804,0.2191168479473652
805,0.20996593077282744
806,0.1924124264034347
807,0.18668101490818734
808,0.21584240463819226
809,0.194975083732582
810,0.17310404160804083
811,0.18124684705770644
812,0.19335921877405493
813,0.1933648241916014
814,0.6877071910983834
815,0.19980732178330252
816,0.20594010301112664
817,0.1861938712528336
818,0.18203435286260894
819,0.18074859227977613
820,0.1994950479616131
821,0.1551698770153257
822,0.1595654127497247
823,0.17130676076078855
824,0.15451811343627941
825,0.18398273720949887
826,0.15979946247155863
827,0.13581284414066574
828,0.13673880551108164
829,0.16239163378179156
830,0.16621534391351966
831,0.1737211919145769
832,0.1737211919145769
833,0.1737211919145769
834,0.1737211919145769
835,0.1747014070535815
836,0.16459906744052988
837,0.16014193675935307
838,0.17638395200751644
839,0.18553332435497438
840,0.17808360026017922
841,0.1764706203306785
842,0.1801048091350177
843,0.19176440474775303
844,0.19575380033636236
845,0.15212995673216634
846,0.16853116261512724
847,0.1457055509808861
848,0.1679330478634088
849,0.1991042872199923
850,0.181643876246938
851,0.19349227542011838
852,0.17644831887365098
853,0.1690408523143313
854,0.28632163515126563
855,0.2078350863843903
856,0.20388882070771652
857,0.16790939399938587
858,0.19943830238223526
859,0.19079826157029744
860,0.15615675500977488
861,0.17663755432038453
862,0.19524738130882935
863,0.17490197850650202
864,0.17473377951877245
865,0.19829638699250351
866,0.1944650174140834
867,0.6095913540343564
868,0.1518242487572572
869,0.183123862615037
870,0.19558055334933377
871,0.15061450080704675
872,0.20457926477049426
873,0.193919588975766
874,0.14545397731523446
875,0.16594393822485776
876,0.1959284261455212
877,0.18564966151506945
878,0.174946595275966
879,0.18162356617076836
880,0.20225581322530195
881,0.20422936707560302
882,0.3068257241424829
883,0.2040901696451537
884,0.16687863323662666
885,0.1755116553605791
886,0.1738528658408438
887,0.1945608871979052
888,0.18918384337732586
889,0.13566938595681144
890,0.14359602339952693
891,0.16422939648215018
892,0.17184054114344716
893,0.42531045619721297
894,0.23558131181958086
895,0.2157964952414082
896,0.1864470492187955
897,0.17681416942443773
898,0.1816805258902292
899,0.19502910235463777
900,0.19783595091004003
901,0.17608755921870212
902,0.20905151256865406
903,0.20475995698591132
904,0.16771234994261275
905,0.1942097075648368
906,0.5927393864952796
907,0.20636403235075285
908,0.17526544150856105
909,0.18261041966101077
910,0.18691263934659808
911,0.1557940479946366
912,0.1651714022075499
913,0.17426854439753892
914,0.19571037858075369
915,0.17568285257727723
916,0.12616098285103816
917,0.15058836853616941
918,0.13289192350222878
919,0.16073916317402093
920,0.15417848769388065
921,0.18125532234276653
922,0.18125890174182435
923,0.18836406789576243
924,0.18836406789576243
925,0.16562229465331524
926,0.1683358643466416
927,0.15474218120762395
928,0.19115181550934668
929,0.18303875103521128
930,0.18769729372492305
931,0.15848831556834375
932,0.16903621027186666
933,0.159982588309021
934,0.1849246649785099
935,0.18514719526343248
936,0.16501569286490203
937,0.18066591143684674
938,0.1599840346278688
939,0.15093985997888648
940,0.2163183818371821
941,0.1992571249614674
942,0.19692955985560756
943,0.18377280603923674
944,0.20384803962442954
945,0.20199951265465388
946,0.1849989822015785
947,0.18552377340587878
948,0.20592612094289597
949,0.15632978843346812
950,0.1561216552148561
951,0.19942163378023947
952,0.4519581383967409
953,0.4979942856270808
954,0.4416653903011104
955,0.17028333890176872
956,0.14089808166099904
957,0.20188549508436182
958,0.1332952107875991
959,0.1770376034421608
960,0.17840213483515954
961,0.17968960279859336
962,0.20450274248137112
963,0.2049356218602324
964,0.19966808989266893
965,0.1568085778257965
966,0.14953986126174512
967,0.2290589838338296
968,0.16028745987533222
969,0.16540048871589708
970,0.17283348611243565
971,0.18911207280452214
972,0.18848664620398548
973,0.15650416008401968
974,0.17002591664640065
975,0.1585712916633586
976,0.16250461105352576
977,0.1901366092576019
978,0.18648872523651094
979,0.19158547827857397
980,0.2063652305673126
981,0.20439724434567763
982,0.19006488799631238
983,0.18989628089671273
984,0.18450847376545665
985,0.2065868691434185
986,0.205414396644226
987,0.1566753853984728
988,0.17350590865975368
989,0.19307308633804643
990,0.18676249138311796
991,0.17962069698776117
992,0.16885986248917362
993,0.177617819836424
994,0.16778280123800826
995,0.18636375373548286
996,0.1944995588274101
997,0.1707163560084165
998,0.18264853187376395
999,0.1862483876880301
1000,0.1905219845933338
1001,0.12697854552540666
1002,0.19350539538325795
1003,0.17731858155946545
1004,0.1539173884725219
1005,0.19867998505946083
1006,0.1478067453226124
1007,0.19396147774573191
1008,0.1824615821386586
1009,0.15401689668045182
1010,0.2001884506086382
1011,0.13642597471826112
1012,0.198403287756852
1013,0.14640250634413376
1014,0.19513179547965087
1015,0.18700345943113172
1016,0.20564620188772353
1017,0.20279297537622953
1018,0.18725004732300465
1019,0.19300943150159844
1020,0.17757534114446716
1021,0.18074281194558928
1022,0.16417768695664836
1023,0.18419965667456484
1024,0.1953017272478632
1025,0.1900415580069904
1026,0.12660724362907982
1027,0.17795037982350992
1028,0.1646031736633965
1029,0.16779556684930297
1030,0.1821628694658326
1031,0.1777587754934442
1032,0.16732389547779192
1033,0.16941712418652788
1034,0.19006202052028665
1035,0.19503230234085445
1036,0.18529796935123777
1037,0.1726150807807838
1038,0.19219270902139007
1039,0.16059867643705195
1040,0.4187696099466698
1041,0.19800404638397628
1042,0.20005432786735367
1043,0.1810858203337683
1044,0.15867308671848446
1045,0.2701880708002633
1046,0.18610264856496017
1047,0.17827830924517374
1048,0.18547087331529466
1049,0.19186598077580974
1050,0.19256583456234244
1051,0.18737160608446224
1052,0.19183014483823857
1053,0.2041385045262606
1054,0.18916857568732048
1055,0.19256929489154329
1056,0.1983044144870908
1057,0.19250401476526824
1058,0.179465604029596
1059,0.1930376931629566
1060,0.16156206445631993
1061,0.16813443982845944
1062,0.19166832792920063
1063,0.17816462757939044
1064,0.18554245648648482
1065,0.1910660607772735
1066,0.21199795018639223
1067,0.1901535715959628
1068,0.20647640907588038
1069,0.20745236022647262
1070,0.16509936175484397
1071,0.18712279501816775
1072,0.17788871822248342
1073,0.19352141728083494
1074,0.19179640530460929
1075,0.18982293046812548
1076,0.16467943040581512
1077,0.18582548096604767
1078,0.31817835196200706
1079,0.18475463121682778
1080,0.1857870498358316
1081,0.16091217080220543
1082,0.17902579635391924
1083,0.15524241259103988
1084,0.20154710870797143
1085,0.20345902580411224
1086,0.1427644894582467
1087,0.19843317189548093
1088,0.140248282148
1089,0.18731042455953828
1090,0.32872844265512713
1091,0.20911550872004914
1092,0.17669002586126714
1093,0.18928961881603834
1094,0.18039856618475347
1095,0.16976028875987514
1096,0.1888035013823275
1097,0.14804225952960148
1098,0.16228077543946762
1099,0.18554655776195128
1100,0.13681266971054518
1101,0.185209108574099
1102,0.5344891102750013
1103,0.17920048864659444
1104,0.20034045922709953
1105,0.16216888047255018
1106,0.19207072556153926
1107,0.1999572548698838
1108,0.18054399691546608
1109,0.18791780616481435
1110,0.1828347440708109
1111,0.17927498532765795
1112,0.18222944997039048
1113,0.1804645205582076
1114,0.18317040383671146
1115,0.20478808188915898
1116,0.17619446879285783
1117,0.1942689574356733
1118,0.1849609179349938
1119,0.2829310979294357
1120,0.18260470416328045
1121,0.17590123749920017
1122,0.30214575359164575
1123,0.19421341643999712
1124,0.19268763403800682
1125,0.2120598312238955
1126,0.20553382917622953
1127,0.18752800937041036
1128,0.20241957858900206
1129,0.2099569724917626
1130,0.20580240229918112
1131,0.17869362506155573
1132,0.17746108188845766
1133,0.1823598481528299
1134,0.19425603812828152
1135,0.16472076254278734
1136,0.16682591929566726
1137,0.17959906058530495
1138,0.16305672534447702
1139,0.17856694267935858
1140,0.18662557802895974
1141,0.1875941556065136
1142,0.17639662724460092
1143,0.2127431577426151
1144,0.19141118711718763
1145,0.18792445686075498
1146,0.1348404323726229
1147,0.1939666217098387
1148,0.15355718649299543
1149,0.14524831188353793
1150,0.19899456763633006
1151,0.1671487631617865
1152,0.19435288141838636
1153,0.18488299806920971
1154,0.18767204321086461
1155,0.1905758420844642
1156,0.1624146274645567
1157,0.1995344625525075
1158,0.13652496532400438
1159,0.1909519751350779
1160,0.18665491819147062
1161,0.20556060798842635
1162,0.1954987833549895
1163,0.1765618220682994
1164,0.2064650496429069
1165,0.16943840518512854
1166,0.17060143910442394
1167,0.17159211828283527
1168,0.1791264013480438
1169,0.20570385822296788
1170,0.19263608108149977
1171,0.1589282864808681
1172,0.1588964432880513
1173,0.16441379553750735
1174,0.1751694076043031
1175,0.1846564293347005
1176,0.17854781413792886
1177,0.16458756264913588
1178,0.1677376770699247
1179,0.18986836165220833
1180,0.2046190874657029
1181,0.17304315614909593
1182,0.17946100217926808
1183,0.20670624559417805
1184,0.16609759917745492
1185,0.18265878000476987
1186,0.20287868061351322
1187,0.1935442857026083
1188,0.19588914064737528
1189,0.16001084884396
1190,0.48281565774075097
1191,0.185446224982877
1192,0.17515948732315567
1193,0.19882479625453853
1194,0.18260454478219834
1195,0.19677144656266154
1196,0.19333621299740922
1197,0.1941357009496829
1198,0.19762341867178113
1199,0.17053021973053917
1200,0.19439226716731595
1201,0.179065244786625
1202,0.18904845703128093
1203,0.18926563460216994
1204,0.1903210414631452
1205,0.17666122380819027
1206,0.15545043434367078
1207,0.1860128218145214
1208,0.1964197685477066
1209,0.18752690403779193
1210,0.15087574993528008
1211,0.17070396640543672
1212,0.15119452383589094
1213,0.15759151617902667
1214,0.17005409107013214
1215,0.17476119391178402
1216,0.1463820018464106
1217,0.1475567173849779
1218,0.1728861401269095
1219,0.20220892228721665
1220,0.1250219471878674
1221,0.12954582453943542
1222,0.16336254389475546
1223,0.1780783671109072
1224,0.17002798093366234
1225,0.138632080638881
1226,0.13924702667546085
1227,0.1672719250005288
1228,0.4967374738598437
1229,0.13555916359428244
1230,0.16811723949937074
1231,0.1367690209783472
1232,0.17040665707579605
1233,0.1530941022748561
1234,0.1192687770705183
1235,0.154056860773905
1236,0.14044557715232853
1237,0.12391286489671283
1238,0.15888083260618202
1239,0.14736407975583354
1240,0.15792434323341187
1241,0.6157716824716174
1242,0.1465873066761747
1243,0.14618213046548512
1244,0.14700917553831416
1245,0.14230749599143688
1246,0.13101033508294901
1247,0.13761418196448583
1248,0.15665885329693163
1249,0.14262137756188797
1250,0.14282775596044517
1251,0.208305184199151
1252,0.17260803819495996
1253,0.15083804802909706
1254,0.1388901907237623
1255,0.12847779799727876
1256,0.13508486557581845
1257,0.12612458054888298
1258,0.13270142429472598
1259,0.17048964448366521
1260,0.19177622247008108
1261,0.147359035557041
1262,0.15637219833436844
1263,0.16620247235050822
1264,0.17550188462661231
1265,0.1577870590129531
1266,0.1414730928505339
1267,0.18800291646227218
1268,0.2025735462976268
1269,0.14778779367227646
1270,0.13915254404778332
1271,0.1497964539288934
1272,0.17483067620726944
1273,0.1348566281702186
1274,0.15620434300126806
1275,0.15399963535393701
1276,0.11785505624095582
1277,0.11124844551058022
1278,0.18140753417241717
1279,0.13204716551287576
1280,0.17620740219972564
1281,0.1618680076596133
1282,0.16728095103223484
1283,0.1703254215826958
1284,0.1364081386779995
1285,0.15626699219787477
1286,0.15909977865908898
1287,0.48569686194330464
1288,0.18896450074200732
1289,0.15448300562275719
1290,0.1151880791618839
1291,0.1275653593246121
1292,0.1283207086011734
1293,0.12832340240153106
1294,0.16353520667240284
1295,0.15004543707913187
1296,0.16135554034128696
1297,0.16531350884067497
1298,0.13854535864209994
1299,0.14102449998572986
1300,0.16012502090453018
1301,0.16712228734455847
1302,0.19297615790567202
1303,0.15569649309743616
1304,0.14247748755788814
1305,0.13013597270499844
1306,0.1634051558945795
1307,0.14955076634991205
1308,0.1305068038067967
1309,0.13791947366480561
1310,0.2511508788902863
1311,0.22256873805222765
1312,0.14995946332210153
1313,0.1507515295630082
1314,0.12482704811692469
1315,0.13560008464167805
1316,0.1551260782818098
1317,0.1659202794075857
1318,0.14522513386012148
1319,0.14078384176230352
1320,0.14603145892628877
1321,0.1448898352525494
1322,0.16557396767685295
1323,0.1865443304549379
1324,0.19387690918924338
1325,0.16134598833459624
1326,0.16403650760529798
1327,0.15704684083610643
1328,0.15437876469155198
1329,0.15517358406839132
1330,0.1515596584162774
1331,0.15967813172947576
1332,0.11731183854068183
1333,0.12175667034881632
1334,0.1518871298875939
1335,0.15615842214875542
1336,0.14921686359707598
1337,0.12937881060785772
1338,0.16711006190768352
1339,0.17954575132726924
1340,0.14101976403044625
1341,0.1545458161309763
1342,0.14846198437164237
1343,0.14979117400859998
1344,0.12039997807946146
1345,0.13637877055390268
1346,0.1941713840475907
1347,0.24902447900478353
1348,0.15271167519172457
1349,0.14004432215710472
1350,0.1559682708650827
1351,0.16652777784850914
1352,0.1663122904194143
1353,0.17254557137420679
1354,0.11446322226931771
1355,0.1251247177160475
1356,0.1685370921076078
1357,0.15200292445122232
1358,0.12790671730062175
1359,0.12481226622137043
1360,0.1452443770790478
1361,0.1345585885105176
1362,0.20050781563204167
1363,0.19909337166709884
1364,0.15264427251060975
1365,0.1442279072670084
1366,0.1752053333388326
1367,0.16846402815399286
1368,0.12048485507960183
1369,0.12295180619059065
1370,0.17525712385479442
1371,0.20290672004109456
1372,0.13900778735456298
1373,0.13409572147562598
1374,0.16758172172670616
1375,0.16603335283679943
1376,0.16633780912573737
1377,0.1613312186727779
1378,0.16165701401087418
1379,0.1550262224519804
1380,0.17400363192018842
1381,0.32030382888104336
1382,0.17053454097087006
1383,0.17267469480156317
1384,0.1489797681427627
1385,0.16467685679247024
1386,0.14192769053551424
1387,0.149090895044246
1388,0.1534825854910702
1389,0.14321938259500144
1390,0.18614166473617666
1391,0.18202762531205718
1392,0.19905973524444043
1393,0.1886646682046832
1394,0.13120590532429366
1395,0.12297735505193053
1396,0.16323326190220366
1397,0.1599807879828623
1398,0.16490497939658055
1399,0.1675478189125923
1400,0.14949910131389466
1401,0.1708755438195977
1402,0.16170437625726108
1403,0.16042962156291685
1404,0.13295178164113586
1405,0.1408195323760636
1406,0.1447674828968858
1407,0.14427203585370574
1408,0.167169587399022
1409,0.15788911939813255
1410,0.20152675289308486
1411,0.2518363131282295
1412,0.15563521966078964
1413,0.1597230284715898
1414,0.16592779479340258
1415,0.16532405918996962
1416,0.12269279423886648
1417,0.1310700512478653
1418,0.16352797809008668
1419,0.172177909027045
1420,0.15336792692376688
1421,0.14701669270059836
1422,0.12473604092681756
1423,0.11723090731397767
1424,0.18414284451000307
1425,0.1784026859556701
1426,0.14022850527131558
1427,0.13884519615878466
1428,0.11983419838786291
1429,0.13551052661423246
1430,0.15573451942194816
1431,0.1616115824663198
1432,0.1587816204915754
1433,0.14600610645653567
1434,0.1581431414452512
1435,0.154681787485481
1436,0.5427972513424026
1437,0.23809528397898272
1438,0.16140840005938673
1439,0.14652177681136924
1440,0.15019849047491696
1441,0.15028407463775117
1442,0.15091722526199713
1443,0.15644084188216922
1444,0.15295650218669954
1445,0.13833902581438007
1446,0.12970963310492
1447,0.12719301346841716
1448,0.1354539636882759
1449,0.13910871034023287
1450,0.1459858965448383
1451,0.14735406702342124
1452,0.1490181892680693
1453,0.1450928914100501
1454,0.14887520883423988
1455,0.1530128831347929
1456,0.19381244682721943
1457,0.20303717184752446
1458,0.20240511908594738
1459,0.17697417609567345
1460,0.14402751183671902
1461,0.13479564811736622
1462,0.1452786724834102
1463,0.14354784445791902
1464,0.14356486488572173
1465,0.14945042457688096
1466,0.14570354504383398
1467,0.15606566747714723
1468,0.12300142424252891
1469,0.12996700370570702
1470,0.12817925589925727
1471,0.12144376398780243
1472,0.21840295338902505
1473,0.17341604028643998
1474,0.16077656384628092
1475,0.16809672450855506
1476,0.14959351464206083
1477,0.15128420897134442
1478,0.14714206388987494
1479,0.14493470711397716
1480,0.15745421178678531
1481,0.14241113269021777
1482,0.16037235566639763
1483,0.15904775835134133
1484,0.16033312513026698
1485,0.17441595626643858
1486,0.12918951964209613
1487,0.1278550292434033
1488,0.1783960769800469
1489,0.16311112164755492
1490,0.1803052543915289
1491,0.21455168485899567
1492,0.11919528035510818
1493,0.1197025334066496
1494,0.12093031473865634
1495,0.12782396770258975
1496,0.1459358447331216
1497,0.1556699908068777
1498,0.20065905685947016
1499,0.16714299052309833
1500,0.12066206301482352
1501,0.12860503235184229
1502,0.1393392238840785
1503,0.1490000839735366
1504,0.18899203959433053
1505,0.15311733161952612
1506,0.1294535053989868
1507,0.12326018155799434
1508,0.12083751331735149
1509,0.11548296177854311
1510,0.14756305427006777
1511,0.17596909296033003
1512,0.13387672686340735
1513,0.1355493760464711
1514,0.11061095018719547
1515,0.11063756895779497
1516,0.10205563982271326
1517,0.10980579005058888
1518,0.12241518206678315
1519,0.12498454247261337
1520,0.13727752739908572
1521,0.15864614991984693
1522,0.13109051986726628
1523,0.1271744580157952
1524,0.15037524004556568
1525,0.1396979195760143
1526,0.15173124591041687
1527,0.11948975277077878
1528,0.12007875100933385
1529,0.11066602390172098
1530,0.12430034010585767
1531,0.13394945206251307
1532,0.1454559122346919
1533,0.12984078471991
1534,0.2680393836483296
1535,0.11714080026197882
1536,0.11904339044296774
1537,0.11777852479539619
1538,0.1053192996568253
1539,0.11457420788673589
1540,0.12437070547993878
1541,0.13421016801843544
1542,0.11408101627915723
1543,0.1448966659780112
1544,0.11429470789656271
1545,0.11422906881379147
1546,0.12549299842202044
1547,0.15259888982166747
1548,0.15070280571612182
1549,0.1563537394160307
1550,0.11571628702543657
1551,0.11313129797422916
1552,0.11323812803443445
1553,0.12372163152979321
1554,0.13507917700020422
1555,0.14012747190116603
1556,0.11479032958387214
1557,0.12524486649260957
1558,0.11698744834683594
1559,0.11337079666590544
1560,0.12144403099527001
1561,0.12095056169315543
1562,0.101648160133895
1563,0.10937758596761604
1564,0.11275361150660812
1565,0.11564092866562914
1566,0.12909509540108433
1567,0.12302816228495272
1568,0.12278257422959038
1569,0.10854966684448153
1570,0.13533655436265668
1571,0.1251309341315039
1572,0.11472915815613449
1573,0.14156281761502842
1574,0.12019781787762163
1575,0.11574404839475994
1576,0.11820671939554628
1577,0.1270339869578988
1578,0.13846991821625632
1579,0.13938075745929168
1580,0.1334144406208363
1581,0.10873532510570105
1582,0.1545043482601911
1583,0.11980359834016063
1584,0.143506417247807
1585,0.12137512741104528
1586,0.12145896721962246
1587,0.11861505581902942
1588,0.13388828818034604
1589,0.1263541276059661
1590,0.1135858467373313
1591,0.11622539433140078
1592,0.10213187916147559
1593,0.1121169213711064
1594,0.14205864679566838
1595,0.1709412456013708
1596,0.13158732218705715
1597,0.21889019956754208
1598,0.10711487555307597
1599,0.10962946504505722
1600,0.1061368918975093
1601,0.0998155317656384
1602,0.12464616438214327
1603,0.12006192624138023
1604,0.13378966219921584
1605,0.10984794305139578
1606,0.1276241583129475
1607,0.1291271393021639
1608,0.11770157307376172
1609,0.14428062538063968
1610,0.1273268489075946
1611,0.12312438972640649
1612,0.12377726508248788
1613,0.12762977492821515
1614,0.172094450351989
1615,0.16969186039077
1616,0.12151786867326997
1617,0.12877179496168345
1618,0.11621671481284279
1619,0.11033784435451688
1620,0.13344770142201368
1621,0.13240762576767684
1622,0.09814388885857439
1623,0.10925015611386646
1624,0.12639500290153005
1625,0.12640369697880216
1626,0.12029587498697358
1627,0.11410641741414229
1628,0.10541215468381682
1629,0.10857907838213832
1630,0.1096843456379043
1631,0.10526441190507785
1632,0.12292420690254413
1633,0.1256725434339232
1634,0.12252487476515284
1635,0.1278076883539856
1636,0.125026193960164
1637,0.1145657002040621
1638,0.11916136475973438
1639,0.1665959770925467
1640,0.11475386228108708
1641,0.1204213970266198
1642,0.1292978701540144
1643,0.12839341579054064
1644,0.14758515708755704
1645,0.13694768145640934
1646,0.1407462026345465
1647,0.11344751140593723
1648,0.13615643859521098
1649,0.15780984544504983
1650,0.12735268124118482
1651,0.12515459032443887
1652,0.12019017095703655
1653,0.11653131792768556
1654,0.11492260895917394
1655,0.10959348715104056
1656,0.11465025250588301
1657,0.11522366176744447
1658,0.11336965239899932
1659,0.12043719350469118
1660,0.13552922723614635
1661,0.14444465304486176
1662,0.13650291273995663
1663,0.1341649437010326
1664,0.09668237438032667
1665,0.10855380490897049
1666,0.11704761748293657
1667,0.1017070060200993
1668,0.12533550503160829
1669,0.12248240370618524
1670,0.11696629898215061
1671,0.11892759371278838
1672,0.10567801937084009
1673,0.11062053849365427
1674,0.11751900675371219
1675,0.11836456248030292
1676,0.11553024808552126
1677,0.1269316374299032
1678,0.12676949972346951
1679,0.13025543883374913
1680,0.11626978048972914
1681,0.1917099377577275
1682,0.12361240842748966
1683,0.1352714510531381
1684,0.11749092396589367
1685,0.11036976677911203
1686,0.11570241188701536
1687,0.1120242441841397
1688,0.1297229374325113
1689,0.12045578383785394
1690,0.14530213418877602
1691,0.1477972702460093
1692,0.1271210015555061
1693,0.12255211490623674
1694,0.1671190347863719
1695,0.16575506220608704
1696,0.11512762382430108
1697,0.11004880481340862
1698,0.11472860909017124
1699,0.11294944857596945
1700,0.10768913327480978
1701,0.1172604908371272
1702,0.11179210623602198
1703,0.11769460631574535
1704,0.13430732702146786
1705,0.1358685979931269
1706,0.13275088581038774
1707,0.1329643934182958
1708,0.10043658694442703
1709,0.09877069366088431
1710,0.10591531548494826
1711,0.10769601680305796
1712,0.1223383353878551
1713,0.11673111536320535
1714,0.11930450166723616
1715,0.11434102178295069
1716,0.12160095458459241
1717,0.12249133341256924
1718,0.1132268539275596
1719,0.11536738478738895
1720,0.11817384367250072
1721,0.11799242093831841
1722,0.1130791641743294
1723,0.11383933805277113
1724,0.11384640020526582
1725,0.11382676087840227
1726,0.11114832716724787
1727,0.11490586247482848
1728,0.12998133340950424
1729,0.11917307602626426
1730,0.12794444395448812
1731,0.12840194822810247
1732,0.1367588799483589
1733,0.133398400908315
1734,0.11700473909373665
1735,0.10991849475750581
1736,0.1270249532361204
1737,0.13247960572618123
1738,0.13809241062008448
1739,0.12325080280834211
1740,0.11461093542398826
1741,0.11525353146200368
1742,0.15042153963274763
1743,0.14035211127156733
1744,0.12305641875312423
1745,0.12360367756435497
1746,0.12257716572657018
1747,0.1221087079243357
1748,0.1258703683832899
1749,0.12398397726996357
1750,0.12729351287411939
1751,0.12385742193845217
1752,0.14102303621226298
1753,0.13485047431301944
1754,0.14963788196838956
1755,0.12707119273487955
1756,0.1269754163584227
1757,0.13366461253921347
1758,0.13356150202001105
1759,0.13170948936244775
1760,0.18184264646235582
1761,0.14858916924915755
1762,0.11630259112390373
1763,0.1299573814403452
1764,0.11535632707715915
1765,0.1235704681647739
1766,0.12171047684516234
1767,0.12779631773549338
1768,0.11681528660635587
1769,0.12322033926020581
1770,0.11994996726304841
1771,0.1199736113827029
1772,0.12391287950625984
1773,0.11532845034316697
1774,0.12293086367908335
1775,0.12512006087898253
1776,0.11316784569055016
1777,0.13183478118098102
1778,0.11409392402070273
1779,0.11964160411975622
1780,0.11549597364165332
1781,0.11505779398635319
1782,0.11951059691605115
1783,0.11416163493512566
1784,0.13603361466508157
1785,0.14019273228134976
1786,0.12295207548324871
1787,0.12272942003804288
1788,0.13495615783698311
1789,0.14135056171295968
1790,0.13004987850683758
1791,0.16252890788441154
1792,0.09614628285574356
1793,0.09761241011741884
1794,0.10697544525731628
1795,0.10917974164440614
1796,0.10424757193164313
1797,0.11006489890668791
1798,0.0992053977411298
1799,0.10996737419699532
1800,0.11792416208251488
1801,0.11326978366038687
1802,0.10107811387234011
1803,0.11209308318416178
1804,0.10197317079669976
1805,0.10583619027415692
1806,0.11176209723058239
1807,0.11399338340017506
1808,0.11761374532659374
1809,0.12605671693171416
1810,0.11220029482802296
1811,0.1119210461714184
1812,0.11660386133358469
1813,0.10808650512151874
1814,0.11955311573157346
1815,0.13685558961545907
1816,0.12248002064010122
1817,0.13832532052917057
1818,0.11874810923355195
1819,0.11751376192053775
1820,0.1408292368270202
1821,0.10931842121625546
1822,0.11279846566937546
1823,0.1229974528211859
1824,0.12093828695694919
1825,0.10850878018338983
1826,0.11628565145507452
1827,0.11626067984156796
1828,0.1158252616762484
1829,0.10407831363521436
1830,0.14146489758870684
1831,0.12433165608845642
1832,0.12426305815714178
1833,0.11957200197523221
1834,0.11882558378264985
1835,0.1025927690109324
1836,0.13208502100939445
1837,0.10555424520564727
1838,0.11560671599653749
1839,0.11979785497607609
1840,0.1103312792943546
1841,0.11255504477575184
1842,0.11418095813129658
1843,0.11271820078195671
1844,0.11225965095695034
1845,0.10467684493488238
1846,0.11992119523848221
1847,0.11726115606638532
1848,0.11895632737764328
1849,0.11308973396846134
1850,0.12018995346775085
1851,0.10463523621847814
1852,0.12222299563618311
1853,0.11875168024436089
1854,0.11001267834357031
1855,0.13575171064995473
1856,0.107538512071218
1857,0.10738127822889965
1858,0.09929408869730239
1859,0.10184635461872171
1860,0.10292459574021251
1861,0.13821002750551592
1862,0.12071656242628881
1863,0.10167510248312206
1864,0.12339252815025303
1865,0.10942238556371586
1866,0.10734661123273881
1867,0.12968998830029455
1868,0.10858200555985964
1869,0.12267263886538826
1870,0.11043619237626112
1871,0.11222490625793125
1872,0.12194889968840206
1873,0.12838723314866085
1874,0.11303471997091152
1875,0.10916098239676697
1876,0.09916602647234685
1877,0.10534023176580065
1878,0.12930564549296764
1879,0.13035516665513336
1880,0.12284491865192093
1881,0.11382428913650089
1882,0.10884641505790371
1883,0.10949429381525622
1884,0.12510478730303287
1885,0.11294719399218944
1886,0.12344732392190672
1887,0.10285757980904064
1888,0.11683906720335102
1889,0.13526363177733192
1890,0.11841396173525931
1891,0.10330557126776574
1892,0.11919069836203033
1893,0.12443973106379647
1894,0.11299157663897663
1895,0.12801773550151696
1896,0.11913079029731377
1897,0.12125551710338467
1898,0.12945156448435602
1899,0.12712115631820797
1900,0.11097879111303044
1901,0.10192495209930852
1902,0.13992258731853657
1903,0.14100066557204927
1904,0.10521014968798192
1905,0.1231192195479589
1906,0.1055566889384012
1907,0.12360558812960121
1908,0.12503170411190268
1909,0.11111985008446013
1910,0.11467244195809279
1911,0.12846606193774746
1912,0.12239366327488144
1913,0.11130426036372387
1914,0.10922046291413046
1915,0.12416577249743588
1916,0.11794653677030309
1917,0.10785467019651163
1918,0.12357523436798956
1919,0.10376406694684837
1920,0.10808841806630931
1921,0.10802590911250609
1922,0.10823947287540281
1923,0.12390429069758813
1924,0.11543704597572046
1925,0.11299970098043544
1926,0.13330563027173925
1927,0.12635694891923088
1928,0.12222110447573586
1929,0.10628394483075432
1930,0.1390778268352566
1931,0.11892711435026793
1932,0.1226086855224725
1933,0.12410874959762752
1934,0.10814356414453696
1935,0.12156873391833722
1936,0.1205646832302959
1937,0.1215786576740372
1938,0.1326552719365538
1939,0.12453942738128654
1940,0.11816493391221738
1941,0.10920739406453694
1942,0.11443798796258964
1943,0.10836782535327216
1944,0.12311134198739393
1945,0.12829024733028993
1946,0.11712721769624679
1947,0.11168532702359424
1948,0.12128155305034127
1949,0.10987725996691267
1950,0.11762425951984368
1951,0.12077048422785364
1952,0.1113932794385395
1953,0.10467018986002452
1954,0.11092474860542578
1955,0.11356654079625572
1956,0.10829289146226129
1957,0.10227425937432633
1958,0.11766704263038918
1959,0.10765891781968162
1960,0.11324054690803842
1961,0.11135685418827679
1962,0.11660269305432625
1963,0.11883199281919388
1964,0.1223493799684745
1965,0.11465299179408173
1966,0.12724816778176995
1967,0.12895024386191867
1968,0.11882189224124817
1969,0.1404187950128012
1970,0.12132741297924299
1971,0.1083056838427855
1972,0.10739833340272187
1973,0.10072529885967207
1974,0.1257809140618169
1975,0.12392903444116554
1976,0.11108446101391267
1977,0.12256066795878662
1978,0.1100498532874069
1979,0.12257826611557077
1980,0.14132931220589973
1981,0.12270778787729464
1982,0.1399118537435442
1983,0.13863105800234732
1984,0.11278645230947992
1985,0.10139440078258177
1986,0.11990500806579829
1987,0.12934634825743074
1988,0.10948744211683636
1989,0.11002091589407448
1990,0.11843907482623295
1991,0.11376799195143517
1992,0.1210920626340477
1993,0.1108711771220725
1994,0.11152682370551203
1995,0.1254417846891125
1996,0.11246637609085719
1997,0.12390637674631721
1998,0.11533617457058887
1999,0.13056091822932536
2000,0.12384796595949232
2001,0.12059540452705597
2002,0.11916097772155665
2003,0.10405756219532647
2004,0.11406004395943803
2005,0.10911685856831643
2006,0.10432108527116868
2007,0.1235819674071802
2008,0.11645306180333537
2009,0.1079905123752406
2010,0.10651665071685945
2011,0.10190753550944576
2012,0.11417927148757556
2013,0.1256595093596825
2014,0.11030616206967425
2015,0.10924599307052074
2016,0.10393047749331685
2017,0.11029034837911467
2018,0.10623931847334911
2019,0.11781258228079561
2020,0.11810397084428281
2021,0.10046580861648102
2022,0.1092393352445068
2023,0.11666611066271215
2024,0.10833815376927958
2025,0.11121447629913872
2026,0.122045444986975
2027,0.11656336763120745
2028,0.1219447890554568
2029,0.12541440582751384
2030,0.12127440427395797
2031,0.12843971108481367
2032,0.10893137464796376
2033,0.10822606564029957
2034,0.11261549440930163
2035,0.10770138890348302
2036,0.0994878111406059
2037,0.11283071514300347
2038,0.1056763828782139
2039,0.10583408882229672
2040,0.10755261697393292
2041,0.10740792609565708
2042,0.13954146424900926
2043,0.13916042438143505
2044,0.1152810158608546
2045,0.10877297954373177
2046,0.10934264159326079
2047,0.12369268103856845
2048,0.11648492987657977
2049,0.12453267369916954
2050,0.11176626282585855
2051,0.12308951890832032
2052,0.12087219390517312
2053,0.1260110869109501
2054,0.11683433478468686
2055,0.11062275448872994
2056,0.12323857893511869
2057,0.10464045824022916
2058,0.12397516250328511
2059,0.11179041483227392
2060,0.10919124438130634
2061,0.12589769890581826
2062,0.10463398701330073
2063,0.11653137587210582
2064,0.10992110617871975
2065,0.11704175499445602
2066,0.11752316864487733
2067,0.11685842615543796
2068,0.1031860028938566
2069,0.1063206809904449
2070,0.11715971465064756
2071,0.10453610894521237
2072,0.11497601243207145
2073,0.09905561072752711
2074,0.10457132304467598
2075,0.12131206000971062
2076,0.12236714047913055
2077,0.10915034888360897
2078,0.13033344374251432
2079,0.12996293291058292
2080,0.11215697505379596
2081,0.1108413150348222
2082,0.12021048840302084
2083,0.12483806899294903
2084,0.10502153266133296
2085,0.1196137509114793
2086,0.11976865198943187
2087,0.12063114934280117
2088,0.11370845079905578
2089,0.10927565771228998
2090,0.11856881608941539
2091,0.10403666422013613
2092,0.11274009654220973
2093,0.1060769723044448
2094,0.10350530521987611
2095,0.11722218346269375
2096,0.10100455286222942
2097,0.10798409573595968
2098,0.10319194422288014
2099,0.11601384920788849
2100,0.10306461710990367
2101,0.10502236345389937
2102,0.1151032825609668
2103,0.10206952205858566
2104,0.12406291712440165
2105,0.1288747894918003
2106,0.10946415779805896
2107,0.11202017789681118
2108,0.10899696788420465
2109,0.12172332757885518
2110,0.1292075968781321
2111,0.10968049916069578
