Row,Best_Algorithm
1,2
2,5
3,5
4,2
5,5
6,2
7,2
8,2
9,5
10,5
11,5
12,2
13,2
14,2
15,2
16,5
17,5
18,1
19,1
20,2
21,2
22,2
23,2
24,5
25,2
26,2
27,2
28,2
29,2
30,5
31,2
32,2
33,5
34,5
35,2
36,2
37,2
38,5
39,5
40,5
41,2
42,5
43,5
44,5
45,2
46,5
47,2
48,2
49,5
50,2
51,2
52,2
53,2
54,2
55,2
56,5
57,5
58,5
59,1
60,5
61,2
62,2
63,2
64,2
65,5
66,2
67,2
68,5
69,5
70,2
71,2
72,1
73,2
74,5
75,2
76,1
77,1
78,5
79,2
80,5
81,5
82,5
83,5
84,5
85,5
86,5
87,1
88,2
89,5
90,2
91,4
92,1
93,1
94,5
95,5
96,1
97,2
98,5
99,5
100,2
101,2
102,2
103,2
104,2
105,5
106,2
107,2
108,2
109,2
110,1
111,2
112,2
113,2
114,2
115,2
116,2
117,2
118,2
119,2
120,5
121,5
122,5
123,2
124,5
125,2
126,2
127,2
128,2
129,2
130,2
131,2
132,2
133,2
134,4
135,5
136,2
137,2
138,5
139,2
140,2
141,5
142,5
143,2
144,5
145,2
146,2
147,2
148,1
149,2
150,1
151,2
152,2
153,5
154,2
155,5
156,2
157,2
158,5
159,2
160,2
161,5
162,2
163,5
164,5
165,2
166,5
167,5
168,2
169,2
170,2
171,2
172,5
173,2
174,2
175,2
176,2
177,2
178,5
179,2
180,5
181,5
182,2
183,1
184,2
185,5
186,2
187,5
188,5
189,1
190,2
191,2
192,2
193,2
194,2
195,2
196,2
197,2
198,5
199,1
200,5
201,2
202,5
203,4
204,5
205,2
206,5
207,5
208,2
209,2
210,2
211,5
212,5
213,2
214,2
215,2
216,5
217,2
218,2
219,5
220,5
221,5
222,2
223,2
224,5
225,5
226,1
227,2
228,2
229,2
230,5
231,2
232,7
233,5
234,2
235,2
236,2
237,2
238,2
239,2
240,2
241,5
242,2
243,2
244,5
245,5
246,5
247,2
248,2
249,2
250,2
251,2
252,5
253,2
254,2
255,2
256,5
257,5
258,2
259,2
260,5
261,2
262,5
263,5
264,5
265,2
266,5
267,1
268,2
269,2
270,2
271,1
272,5
273,2
274,5
275,5
276,2
277,1
278,2
279,2
280,5
281,5
282,5
283,5
284,2
285,2
286,5
287,5
288,2
289,2
290,2
291,2
292,5
293,2
294,2
295,2
296,2
297,5
298,2
299,5
300,2
301,5
302,4
303,5
304,2
305,2
306,5
307,4
308,1
309,5
310,2
311,5
312,5
313,2
314,2
315,2
316,7
317,5
318,2
319,5
320,2
321,2
322,2
323,5
324,2
325,5
326,2
327,2
328,2
329,2
330,1
331,5
332,1
333,2
334,2
335,2
336,5
337,2
338,2
339,2
340,5
341,2
342,2
343,2
344,5
345,6
346,5
347,2
348,7
349,2
350,5
351,5
352,2
353,2
354,5
355,5
356,2
357,5
358,5
359,2
360,2
361,5
362,5
363,2
364,1
365,5
366,2
367,2
368,2
369,5
370,2
371,5
372,2
373,5
374,2
375,2
376,2
377,2
378,2
379,2
380,5
381,5
382,5
383,2
384,1
385,2
386,5
387,2
388,5
389,5
390,2
391,5
392,5
393,2
394,2
395,2
396,5
397,2
398,5
399,2
400,2
401,2
402,5
403,2
404,1
405,2
406,2
407,5
408,2
409,2
410,2
411,5
412,2
413,2
414,2
415,5
416,5
417,2
418,2
419,4
420,5
421,5
422,5
423,5
424,5
425,2
426,2
427,5
428,2
429,2
430,2
431,1
432,2
433,2
434,2
435,5
436,2
437,2
438,2
439,2
440,2
441,2
442,2
443,2
444,5
445,2
446,2
447,2
448,2
449,4
450,2
451,5
452,2
453,2
454,1
455,2
456,5
457,2
458,5
459,2
460,2
461,5
462,5
463,2
464,5
465,5
466,5
467,5
468,2
469,5
470,5
471,5
472,5
473,2
474,2
475,7
476,2
477,2
478,2
479,2
480,5
481,5
482,2
483,5
484,1
485,2
486,5
487,5
488,2
489,2
490,2
491,5
492,5
493,2
494,2
495,2
496,7
497,5
498,5
499,5
500,5
501,5
502,5
503,5
504,5
505,5
506,5
507,5
508,5
509,2
510,5
511,5
512,5
513,5
514,5
515,5
516,5
517,5
518,2
519,5
520,5
521,5
522,5
523,5
524,5
525,5
526,5
527,5
528,5
529,5
530,5
531,5
532,5
533,5
534,5
535,5
536,5
537,5
538,5
539,5
540,5
541,5
542,5
543,5
544,5
545,5
546,2
547,5
548,5
549,5
550,7
551,5
552,5
553,5
554,5
555,5
556,5
557,5
558,5
559,5
560,5
561,5
562,5
563,5
564,5
565,7
566,5
567,5
568,7
569,5
570,5
571,5
572,5
573,5
574,5
575,5
576,5
577,5
578,5
579,5
580,5
581,5
582,5
583,5
584,5
585,5
586,2
587,5
588,5
589,5
590,5
591,5
592,5
593,5
594,5
595,5
596,2
597,5
598,5
599,5
600,5
601,5
602,5
603,5
604,5
605,5
606,5
607,5
608,5
609,5
610,5
611,5
612,5
613,5
614,5
615,5
616,5
617,2
618,5
619,5
620,5
621,5
622,5
623,5
624,2
625,5
626,5
627,5
628,5
629,5
630,5
631,5
632,5
633,5
634,5
635,5
636,5
637,5
638,5
639,5
640,5
641,2
642,5
643,5
644,5
645,5
646,5
647,5
648,5
649,5
650,5
651,5
652,5
653,5
654,5
655,5
656,5
657,2
658,5
659,5
660,5
661,5
662,5
663,5
664,5
665,2
666,5
667,5
668,5
669,5
670,5
671,5
672,5
673,5
674,2
675,5
676,5
677,5
678,5
679,5
680,2
681,5
682,5
683,5
684,5
685,5
686,1
687,5
688,2
689,5
690,5
691,5
692,5
693,5
694,5
695,5
696,5
697,5
698,5
699,5
700,5
701,5
702,5
703,5
704,5
705,5
706,5
707,5
708,5
709,5
710,5
711,5
712,5
713,5
714,5
715,2
716,5
717,5
718,5
719,5
720,5
721,5
722,2
723,2
724,2
725,5
726,5
727,5
728,5
729,5
730,5
731,5
732,5
733,5
734,5
735,5
736,5
737,5
738,5
739,5
740,5
741,2
742,5
743,5
744,5
745,5
746,2
747,5
748,2
749,2
750,2
751,2
752,5
753,2
754,2
755,2
756,2
757,2
758,2
759,2
760,2
761,2
762,5
763,5
764,2
765,5
766,5
767,2
768,5
769,2
770,2
771,5
772,2
773,5
774,2
775,5
776,2
777,2
778,2
779,2
780,2
781,2
782,2
783,7
784,2
785,6
786,5
787,7
788,5
789,2
790,2
791,2
792,2
793,5
794,5
795,5
796,2
797,2
798,2
799,2
800,2
801,2
802,2
803,5
804,5
805,2
806,2
807,2
808,2
809,2
810,2
811,5
812,2
813,2
814,7
815,2
816,2
817,2
818,2
819,2
820,2
821,5
822,2
823,2
824,2
825,2
826,2
827,2
828,2
829,2
830,5
831,2
832,2
833,2
834,2
835,2
836,2
837,2
838,5
839,2
840,2
841,2
842,5
843,5
844,2
845,5
846,2
847,2
848,2
849,5
850,5
851,2
852,5
853,2
854,2
855,2
856,5
857,5
858,2
859,5
860,5
861,5
862,5
863,2
864,2
865,2
866,5
867,4
868,5
869,2
870,2
871,2
872,5
873,2
874,2
875,2
876,2
877,5
878,2
879,2
880,2
881,2
882,2
883,2
884,5
885,5
886,2
887,2
888,5
889,2
890,2
891,2
892,5
893,4
894,2
895,5
896,2
897,2
898,2
899,2
900,2
901,2
902,2
903,2
904,5
905,2
906,7
907,2
908,2
909,2
910,2
911,2
912,2
913,2
914,5
915,2
916,5
917,2
918,5
919,2
920,5
921,5
922,5
923,5
924,5
925,5
926,5
927,2
928,2
929,2
930,2
931,2
932,5
933,5
934,2
935,2
936,5
937,2
938,5
939,5
940,2
941,5
942,5
943,2
944,2
945,5
946,2
947,2
948,5
949,5
950,2
951,2
952,5
953,5
954,5
955,2
956,2
957,2
958,2
959,5
960,2
961,2
962,2
963,2
964,5
965,2
966,5
967,2
968,2
969,5
970,5
971,5
972,5
973,2
974,5
975,2
976,5
977,2
978,5
979,5
980,2
981,2
982,2
983,2
984,5
985,5
986,5
987,2
988,2
989,5
990,2
991,2
992,2
993,5
994,5
995,5
996,2
997,2
998,5
999,5
1000,5
1001,2
1002,2
1003,5
1004,5
1005,5
1006,5
1007,2
1008,2
1009,2
1010,2
1011,2
1012,5
1013,5
1014,2
1015,2
1016,2
1017,2
1018,2
1019,5
1020,5
1021,5
1022,5
1023,2
1024,2
1025,5
1026,2
1027,2
1028,5
1029,5
1030,5
1031,2
1032,2
1033,5
1034,2
1035,2
1036,2
1037,5
1038,2
1039,2
1040,7
1041,2
1042,2
1043,2
1044,5
1045,4
1046,5
1047,5
1048,5
1049,2
1050,2
1051,5
1052,2
1053,2
1054,2
1055,2
1056,5
1057,2
1058,2
1059,2
1060,2
1061,5
1062,2
1063,2
1064,5
1065,5
1066,2
1067,2
1068,2
1069,2
1070,2
1071,2
1072,2
1073,5
1074,2
1075,5
1076,5
1077,5
1078,2
1079,2
1080,2
1081,2
1082,5
1083,5
1084,2
1085,2
1086,2
1087,2
1088,5
1089,2
1090,2
1091,2
1092,2
1093,2
1094,2
1095,5
1096,5
1097,2
1098,5
1099,5
1100,2
1101,2
1102,4
1103,2
1104,2
1105,5
1106,2
1107,5
1108,2
1109,2
1110,2
1111,2
1112,2
1113,2
1114,2
1115,5
1116,5
1117,5
1118,2
1119,7
1120,2
1121,5
1122,2
1123,2
1124,2
1125,2
1126,5
1127,5
1128,2
1129,2
1130,5
1131,2
1132,2
1133,2
1134,5
1135,5
1136,5
1137,2
1138,5
1139,5
1140,5
1141,2
1142,2
1143,2
1144,2
1145,5
1146,2
1147,2
1148,5
1149,2
1150,2
1151,2
1152,5
1153,5
1154,2
1155,2
1156,5
1157,2
1158,5
1159,2
1160,5
1161,5
1162,2
1163,2
1164,5
1165,5
1166,2
1167,2
1168,2
1169,5
1170,2
1171,2
1172,5
1173,2
1174,2
1175,2
1176,2
1177,5
1178,5
1179,2
1180,5
1181,5
1182,2
1183,5
1184,5
1185,5
1186,5
1187,2
1188,2
1189,5
1190,7
1191,2
1192,5
1193,5
1194,5
1195,2
1196,5
1197,2
1198,2
1199,2
1200,2
1201,2
1202,2
1203,5
1204,2
1205,2
1206,2
1207,2
1208,2
1209,2
1210,5
1211,5
1212,5
1213,5
1214,5
1215,5
1216,5
1217,5
1218,5
1219,5
1220,5
1221,5
1222,5
1223,5
1224,5
1225,5
1226,5
1227,2
1228,7
1229,5
1230,5
1231,5
1232,5
1233,5
1234,5
1235,5
1236,5
1237,5
1238,5
1239,5
1240,5
1241,7
1242,5
1243,5
1244,5
1245,5
1246,5
1247,5
1248,5
1249,5
1250,5
1251,5
1252,5
1253,5
1254,5
1255,5
1256,5
1257,5
1258,5
1259,5
1260,5
1261,5
1262,5
1263,5
1264,5
1265,5
1266,5
1267,5
1268,5
1269,5
1270,5
1271,5
1272,5
1273,5
1274,5
1275,5
1276,5
1277,5
1278,5
1279,5
1280,5
1281,5
1282,5
1283,5
1284,5
1285,5
1286,5
1287,5
1288,5
1289,5
1290,5
1291,5
1292,5
1293,5
1294,5
1295,5
1296,5
1297,5
1298,5
1299,5
1300,5
1301,5
1302,5
1303,2
1304,5
1305,5
1306,5
1307,5
1308,5
1309,5
1310,5
1311,5
1312,5
1313,5
1314,5
1315,5
1316,5
1317,5
1318,5
1319,5
1320,5
1321,5
1322,5
1323,5
1324,5
1325,5
1326,5
1327,5
1328,5
1329,5
1330,5
1331,5
1332,5
1333,5
1334,5
1335,5
1336,5
1337,5
1338,5
1339,5
1340,5
1341,5
1342,5
1343,5
1344,5
1345,5
1346,5
1347,5
1348,5
1349,5
1350,5
1351,5
1352,5
1353,5
1354,5
1355,5
1356,5
1357,5
1358,5
1359,5
1360,5
1361,5
1362,5
1363,5
1364,5
1365,5
1366,5
1367,5
1368,5
1369,5
1370,5
1371,5
1372,5
1373,5
1374,5
1375,5
1376,5
1377,5
1378,5
1379,5
1380,5
1381,5
1382,5
1383,5
1384,5
1385,5
1386,5
1387,5
1388,5
1389,5
1390,5
1391,5
1392,5
1393,5
1394,5
1395,5
1396,5
1397,5
1398,5
1399,5
1400,5
1401,5
1402,5
1403,5
1404,5
1405,5
1406,5
1407,5
1408,5
1409,5
1410,1
1411,4
1412,5
1413,5
1414,5
1415,5
1416,5
1417,5
1418,5
1419,5
1420,5
1421,5
1422,5
1423,5
1424,5
1425,5
1426,5
1427,5
1428,5
1429,5
1430,5
1431,5
1432,5
1433,5
1434,5
1435,5
1436,4
1437,1
1438,5
1439,5
1440,5
1441,5
1442,5
1443,5
1444,5
1445,5
1446,5
1447,5
1448,5
1449,5
1450,5
1451,5
1452,5
1453,5
1454,5
1455,5
1456,5
1457,5
1458,5
1459,5
1460,5
1461,5
1462,5
1463,5
1464,5
1465,5
1466,5
1467,5
1468,5
1469,5
1470,5
1471,5
1472,5
1473,5
1474,5
1475,5
1476,5
1477,5
1478,5
1479,5
1480,5
1481,5
1482,5
1483,5
1484,5
1485,5
1486,5
1487,5
1488,5
1489,5
1490,5
1491,5
1492,5
1493,5
1494,5
1495,5
1496,5
1497,5
1498,5
1499,5
1500,5
1501,5
1502,5
1503,5
1504,5
1505,5
1506,5
1507,5
1508,5
1509,5
1510,5
1511,5
1512,5
1513,5
1514,5
1515,5
1516,5
1517,5
1518,5
1519,5
1520,5
1521,5
1522,5
1523,5
1524,5
1525,5
1526,5
1527,5
1528,5
1529,5
1530,5
1531,5
1532,5
1533,5
1534,5
1535,5
1536,5
1537,5
1538,5
1539,5
1540,5
1541,5
1542,5
1543,5
1544,5
1545,5
1546,5
1547,5
1548,5
1549,5
1550,5
1551,5
1552,5
1553,5
1554,5
1555,5
1556,5
1557,5
1558,5
1559,5
1560,5
1561,5
1562,2
1563,5
1564,5
1565,5
1566,5
1567,5
1568,5
1569,5
1570,5
1571,5
1572,5
1573,5
1574,5
1575,5
1576,5
1577,5
1578,5
1579,5
1580,5
1581,5
1582,5
1583,5
1584,5
1585,5
1586,5
1587,5
1588,5
1589,5
1590,5
1591,5
1592,5
1593,5
1594,5
1595,5
1596,5
1597,5
1598,5
1599,5
1600,5
1601,5
1602,5
1603,5
1604,5
1605,5
1606,5
1607,5
1608,5
1609,5
1610,5
1611,5
1612,5
1613,5
1614,5
1615,5
1616,5
1617,5
1618,5
1619,5
1620,5
1621,5
1622,5
1623,5
1624,5
1625,5
1626,5
1627,5
1628,5
1629,5
1630,5
1631,5
1632,5
1633,5
1634,5
1635,5
1636,5
1637,5
1638,5
1639,5
1640,5
1641,5
1642,5
1643,5
1644,5
1645,5
1646,5
1647,5
1648,5
1649,5
1650,5
1651,5
1652,5
1653,5
1654,5
1655,5
1656,5
1657,5
1658,5
1659,5
1660,5
1661,5
1662,5
1663,5
1664,5
1665,5
1666,5
1667,5
1668,5
1669,5
1670,5
1671,5
1672,5
1673,5
1674,5
1675,5
1676,5
1677,5
1678,5
1679,5
1680,5
1681,5
1682,5
1683,5
1684,5
1685,5
1686,5
1687,5
1688,5
1689,5
1690,5
1691,5
1692,5
1693,5
1694,5
1695,5
1696,5
1697,5
1698,5
1699,5
1700,5
1701,5
1702,5
1703,5
1704,5
1705,5
1706,5
1707,5
1708,5
1709,5
1710,5
1711,5
1712,5
1713,5
1714,5
1715,5
1716,5
1717,5
1718,5
1719,5
1720,5
1721,2
1722,5
1723,5
1724,5
1725,5
1726,5
1727,5
1728,5
1729,5
1730,5
1731,5
1732,5
1733,5
1734,5
1735,5
1736,5
1737,5
1738,5
1739,5
1740,5
1741,5
1742,5
1743,5
1744,5
1745,5
1746,5
1747,5
1748,5
1749,5
1750,5
1751,5
1752,5
1753,5
1754,5
1755,5
1756,5
1757,5
1758,5
1759,5
1760,5
1761,5
1762,5
1763,5
1764,5
1765,5
1766,5
1767,5
1768,5
1769,5
1770,5
1771,5
1772,5
1773,5
1774,5
1775,5
1776,5
1777,5
1778,5
1779,5
1780,5
1781,5
1782,5
1783,5
1784,5
1785,5
1786,5
1787,5
1788,5
1789,5
1790,5
1791,5
1792,5
1793,5
1794,5
1795,5
1796,5
1797,5
1798,5
1799,5
1800,5
1801,5
1802,5
1803,5
1804,5
1805,5
1806,5
1807,5
1808,5
1809,5
1810,5
1811,5
1812,5
1813,5
1814,5
1815,5
1816,5
1817,5
1818,5
1819,5
1820,5
1821,5
1822,5
1823,5
1824,5
1825,5
1826,5
1827,5
1828,5
1829,5
1830,5
1831,5
1832,5
1833,5
1834,5
1835,5
1836,5
1837,5
1838,5
1839,5
1840,5
1841,5
1842,5
1843,5
1844,5
1845,5
1846,5
1847,5
1848,5
1849,5
1850,5
1851,5
1852,5
1853,5
1854,5
1855,5
1856,5
1857,5
1858,5
1859,5
1860,5
1861,5
1862,5
1863,5
1864,5
1865,5
1866,5
1867,5
1868,5
1869,5
1870,5
1871,5
1872,5
1873,5
1874,5
1875,5
1876,5
1877,5
1878,5
1879,5
1880,5
1881,5
1882,5
1883,5
1884,5
1885,5
1886,5
1887,5
1888,5
1889,5
1890,5
1891,5
1892,5
1893,5
1894,5
1895,5
1896,5
1897,5
1898,5
1899,5
1900,5
1901,5
1902,5
1903,5
1904,5
1905,5
1906,5
1907,5
1908,5
1909,5
1910,5
1911,5
1912,5
1913,5
1914,5
1915,5
1916,5
1917,5
1918,5
1919,5
1920,5
1921,5
1922,5
1923,5
1924,5
1925,5
1926,5
1927,5
1928,5
1929,5
1930,5
1931,5
1932,5
1933,5
1934,5
1935,5
1936,5
1937,5
1938,5
1939,5
1940,5
1941,5
1942,5
1943,5
1944,5
1945,5
1946,5
1947,5
1948,5
1949,5
1950,5
1951,5
1952,5
1953,5
1954,5
1955,5
1956,5
1957,5
1958,5
1959,5
1960,5
1961,5
1962,5
1963,5
1964,5
1965,5
1966,5
1967,5
1968,5
1969,5
1970,5
1971,5
1972,5
1973,5
1974,5
1975,5
1976,5
1977,5
1978,5
1979,5
1980,5
1981,5
1982,5
1983,5
1984,5
1985,5
1986,5
1987,5
1988,5
1989,5
1990,5
1991,5
1992,5
1993,5
1994,5
1995,5
1996,5
1997,5
1998,5
1999,5
2000,5
2001,5
2002,5
2003,5
2004,5
2005,5
2006,5
2007,5
2008,5
2009,5
2010,5
2011,5
2012,5
2013,5
2014,5
2015,5
2016,5
2017,5
2018,5
2019,5
2020,5
2021,5
2022,5
2023,5
2024,5
2025,5
2026,5
2027,5
2028,5
2029,5
2030,5
2031,5
2032,5
2033,5
2034,5
2035,5
2036,5
2037,5
2038,5
2039,5
2040,5
2041,5
2042,5
2043,5
2044,5
2045,5
2046,5
2047,5
2048,5
2049,5
2050,5
2051,5
2052,5
2053,5
2054,5
2055,5
2056,5
2057,5
2058,5
2059,5
2060,5
2061,5
2062,5
2063,5
2064,5
2065,5
2066,5
2067,5
2068,5
2069,5
2070,5
2071,5
2072,5
2073,5
2074,5
2075,5
2076,5
2077,5
2078,5
2079,5
2080,5
2081,5
2082,5
2083,5
2084,5
2085,5
2086,5
2087,5
2088,5
2089,5
2090,5
2091,5
2092,5
2093,5
2094,5
2095,5
2096,5
2097,5
2098,5
2099,5
2100,5
2101,5
2102,5
2103,5
2104,5
2105,5
2106,5
2107,5
2108,5
2109,5
2110,5
2111,5
